state,county,date_stay_at_home_effective
Alabama,Choctaw,2020-04-04
California,Orange,2020-03-19
Florida,Monroe,2020-04-03
Georgia,Laurens,2020-04-03
Louisiana,Lafayette,2020-03-23
New Hampshire,Sullivan,2020-03-27
New Jersey,Atlantic,2020-03-21
North Carolina,Davidson,2020-03-30
Ohio,Geauga,2020-03-23
Oregon,Clackamas,2020-03-23
South Carolina,Laurens,NA
Tennessee,Claiborne,2020-03-31
Texas,Newton,2020-04-02
Texas,San Augustine,2020-04-02
Washington,Ferry,2020-03-23
Wisconsin,Polk,2020-03-25
Puerto Rico,Comerio,NA
Puerto Rico,Santa Isabel,NA
Alabama,Jefferson,2020-04-04
Alaska,Juneau City and Borough,2020-03-28
Alaska,Nome Census Area,2020-03-28
Colorado,Kit Carson,2020-03-26
Florida,Hillsborough,2020-04-03
Georgia,Pike,2020-04-03
Iowa,Harrison,NA
Iowa,Keokuk,NA
Maryland,Wicomico,2020-03-30
New York,Albany,2020-03-22
Ohio,Lorain,2020-03-23
Ohio,Lucas,2020-03-23
Ohio,Pike,2020-03-23
Pennsylvania,Perry,2020-04-01
West Virginia,Nicholas,2020-03-24
New Mexico,Harding,2020-03-24
Texas,Hardeman,2020-04-02
Georgia,Gilmer,2020-04-03
Georgia,Haralson,2020-04-03
Idaho,Power,2020-03-25
Iowa,Van Buren,NA
Kentucky,Knott,2020-03-26
Michigan,Gogebic,2020-03-24
Minnesota,Meeker,2020-03-27
Minnesota,Nobles,2020-03-27
Texas,Crosby,2020-04-02
Texas,San Patricio,2020-04-02
Virginia,King and Queen,2020-03-30
West Virginia,Randolph,2020-03-24
Wisconsin,Jackson,2020-03-25
Kentucky,Hickman,2020-03-26
Nebraska,Thomas,NA
Missouri,Wayne,2020-04-06
Colorado,Garfield,2020-03-26
Indiana,Union,2020-03-24
Kansas,Rooks,2020-03-30
Kansas,Stafford,2020-03-30
Louisiana,Washington,2020-03-23
Louisiana,West Baton Rouge,2020-03-23
New York,Schuyler,2020-03-22
North Carolina,Cleveland,2020-03-30
South Dakota,Sanborn,NA
Washington,Klickitat,2020-03-23
Kansas,Nemaha,2020-03-30
Nevada,Lander,2020-04-01
Texas,Ward,2020-04-02
Michigan,Ontonagon,2020-03-24
Idaho,Camas,2020-03-25
Kentucky,Lawrence,2020-03-26
Louisiana,East Carroll,2020-03-23
Massachusetts,Barnstable,2020-03-24
Mississippi,Clay,2020-04-03
Missouri,Cedar,2020-04-06
Missouri,DeKalb,2020-04-06
Missouri,Kansas City,2020-04-06
New Mexico,Otero,2020-03-24
New York,Chemung,2020-03-22
New York,Chenango,2020-03-22
New York,Genesee,2020-03-22
North Carolina,Robeson,2020-03-30
Oregon,Deschutes,2020-03-23
South Dakota,Faulk,NA
Tennessee,Unicoi,2020-03-31
Virginia,Wythe,2020-03-30
Washington,Kitsap,2020-03-23
Kansas,Norton,2020-03-30
Idaho,Oneida,2020-03-25
Connecticut,New London,2020-03-23
Georgia,Chattahoochee,2020-04-03
Illinois,White,2020-03-21
Iowa,Winnebago,NA
Missouri,Reynolds,2020-04-06
Nebraska,Hall,NA
Nebraska,Knox,NA
New Jersey,Mercer,2020-03-21
New York,Dutchess,2020-03-22
North Carolina,Alamance,2020-03-30
North Carolina,Sampson,2020-03-30
Pennsylvania,Sullivan,2020-04-01
Tennessee,Cannon,2020-03-31
Washington,Okanogan,2020-03-23
Wisconsin,Dodge,2020-03-25
Puerto Rico,Aguada,NA
Utah,Rich,NA
Northern Mariana Islands,Tinian,NA
Alaska,Bethel Census Area,2020-03-28
Florida,Taylor,2020-04-03
Idaho,Teton,2020-03-25
Illinois,Christian,2020-03-21
Illinois,Jackson,2020-03-21
Illinois,Mercer,2020-03-21
Montana,Madison,2020-03-28
Ohio,Fulton,2020-03-23
Vermont,Franklin,2020-03-24
Virginia,Greene,2020-03-30
West Virginia,Tyler,2020-03-24
New Mexico,Union,2020-03-24
Wisconsin,Pepin,2020-03-25
Michigan,Keweenaw,2020-03-24
Minnesota,Cook,2020-03-27
Alabama,Chambers,2020-04-04
Alabama,Madison,2020-04-04
Illinois,Boone,2020-03-21
Iowa,Hancock,NA
Kentucky,Jessamine,2020-03-26
Michigan,Ionia,2020-03-24
Mississippi,Quitman,2020-04-03
North Carolina,Alexander,2020-03-30
North Carolina,Duplin,2020-03-30
Pennsylvania,Washington,2020-04-01
South Carolina,Dorchester,NA
West Virginia,Marshall,2020-03-24
Puerto Rico,Maricao,NA
Alaska,Aleutians East Borough,2020-03-28
Missouri,Mercer,2020-04-06
Arkansas,Mississippi,NA
Colorado,Pueblo,2020-03-26
Connecticut,Fairfield,2020-03-23
Georgia,Jones,2020-04-03
Georgia,Pickens,2020-04-03
Georgia,Treutlen,2020-04-03
Illinois,Montgomery,2020-03-21
Illinois,Will,2020-03-21
Kansas,Morton,2020-03-30
Kentucky,Fleming,2020-03-26
Missouri,Lafayette,2020-04-06
Oklahoma,Craig,NA
Texas,Hidalgo,2020-04-02
Wisconsin,Green,2020-03-25
Texas,Kimble,2020-04-02
Arkansas,Perry,NA
Georgia,Habersham,2020-04-03
Illinois,Marion,2020-03-21
Illinois,Sangamon,2020-03-21
Indiana,Warrick,2020-03-24
Iowa,Lee,NA
Iowa,Sioux,NA
Kentucky,Union,2020-03-26
Kentucky,Washington,2020-03-26
Michigan,Osceola,2020-03-24
Oklahoma,Adair,NA
South Dakota,Lyman,NA
Tennessee,Lake,2020-03-31
Texas,Caldwell,2020-04-02
West Virginia,Summers,2020-03-24
Wisconsin,Iowa,2020-03-25
Puerto Rico,Toa Baja,NA
North Dakota,Hettinger,NA
Iowa,Crawford,NA
Kansas,Sheridan,2020-03-30
Massachusetts,Essex,2020-03-24
Minnesota,Waseca,2020-03-27
Missouri,Wright,2020-04-06
Ohio,Belmont,2020-03-23
Ohio,Crawford,2020-03-23
Wisconsin,La Crosse,2020-03-25
South Dakota,Stanley,NA
Alabama,Limestone,2020-04-04
Mississippi,Simpson,2020-04-03
New York,Yates,2020-03-22
North Carolina,Gates,2020-03-30
Pennsylvania,Bedford,2020-04-01
Pennsylvania,Forest,2020-04-01
Tennessee,McMinn,2020-03-31
Tennessee,McNairy,2020-03-31
Texas,Hutchinson,2020-04-02
Texas,Maverick,2020-04-02
Washington,Skagit,2020-03-23
West Virginia,Monongalia,2020-03-24
Wisconsin,Grant,2020-03-25
Montana,Granite,2020-03-28
California,Placer,2020-03-19
California,Tehama,2020-03-19
Colorado,Logan,2020-03-26
Florida,Flagler,2020-04-03
Florida,Okaloosa,2020-04-03
Kentucky,Johnson,2020-03-26
Michigan,Isabella,2020-03-24
Oklahoma,Texas,NA
Pennsylvania,Northumberland,2020-04-01
Tennessee,Chester,2020-03-31
Texas,Archer,2020-04-02
Texas,Terrell,2020-04-02
Alabama,Bullock,2020-04-04
Georgia,Lowndes,2020-04-03
Georgia,Pulaski,2020-04-03
Kansas,Morris,2020-03-30
Louisiana,Richland,2020-03-23
Maine,Waldo,2020-04-02
Minnesota,Stearns,2020-03-27
Mississippi,Adams,2020-04-03
Montana,Park,2020-03-28
North Carolina,Union,2020-03-30
North Dakota,Foster,NA
South Dakota,Clark,NA
Texas,Carson,2020-04-02
Vermont,Bennington,2020-03-24
Virginia,Pittsylvania,2020-03-30
West Virginia,Harrison,2020-03-24
Puerto Rico,San Juan,NA
Texas,Jim Hogg,2020-04-02
Georgia,Rabun,2020-04-03
Illinois,Hamilton,2020-03-21
Indiana,Clay,2020-03-24
Indiana,Hamilton,2020-03-24
Iowa,Lyon,NA
Louisiana,Sabine,2020-03-23
Michigan,Lenawee,2020-03-24
Texas,Crane,2020-04-02
Virginia,Virginia Beach city,2020-03-30
Virginia,York,2020-03-30
North Carolina,Camden,2020-03-30
Puerto Rico,Sabana Grande,NA
Texas,Coke,2020-04-02
Texas,Garza,2020-04-02
Nebraska,Harlan,NA
Nebraska,Loup,NA
Colorado,Teller,2020-03-26
Iowa,Fayette,NA
Iowa,Winneshiek,NA
Michigan,St. Clair,2020-03-24
Mississippi,Madison,2020-04-03
Missouri,Howard,2020-04-06
Nebraska,Nance,NA
North Carolina,Buncombe,2020-03-30
Ohio,Carroll,2020-03-23
Oklahoma,Garvin,NA
Oklahoma,Pontotoc,NA
Tennessee,Overton,2020-03-31
Virginia,Pulaski,2020-03-30
Virginia,Roanoke,2020-03-30
Missouri,Laclede,2020-04-06
Puerto Rico,Bayamon,NA
Texas,Briscoe,2020-04-02
Wisconsin,Vernon,2020-03-25
Idaho,Boise,2020-03-25
Montana,Treasure,2020-03-28
California,Ventura,2020-03-19
Indiana,Floyd,2020-03-24
Massachusetts,Plymouth,2020-03-24
Ohio,Mercer,2020-03-23
Pennsylvania,Cambria,2020-04-01
South Dakota,Union,NA
Texas,Anderson,2020-04-02
Texas,Falls,2020-04-02
Virginia,Buckingham,2020-03-30
Wisconsin,Juneau,2020-03-25
Puerto Rico,Patillas,NA
Nebraska,Garden,NA
Texas,Jeff Davis,2020-04-02
Colorado,Lincoln,2020-03-26
Georgia,Irwin,2020-04-03
Georgia,Quitman,2020-04-03
Illinois,Clay,2020-03-21
Illinois,Morgan,2020-03-21
Illinois,Ogle,2020-03-21
Maine,Androscoggin,2020-04-02
Maine,Hancock,2020-04-02
Minnesota,Wright,2020-03-27
Missouri,Pulaski,2020-04-06
New Hampshire,Coos,2020-03-27
New York,Washington,2020-03-22
Texas,Wichita,2020-04-02
Utah,Emery,NA
Virginia,Botetourt,2020-03-30
North Dakota,Griggs,NA
Oklahoma,Roger Mills,NA
California,Marin,2020-03-19
California,Santa Cruz,2020-03-19
Colorado,Broomfield,2020-03-26
Connecticut,Middlesex,2020-03-23
Illinois,Crawford,2020-03-21
Indiana,Pike,2020-03-24
Kentucky,Gallatin,2020-03-26
Louisiana,Allen,2020-03-23
Louisiana,Claiborne,2020-03-23
Maine,Piscataquis,2020-04-02
Minnesota,Morrison,2020-03-27
Montana,Stillwater,2020-03-28
Oklahoma,Pottawatomie,NA
Virginia,Arlington,2020-03-30
North Carolina,Swain,2020-03-30
Texas,Cochran,2020-04-02
New Mexico,Hidalgo,2020-03-24
Wyoming,Weston,NA
Arkansas,Miller,NA
California,Riverside,2020-03-19
California,Stanislaus,2020-03-19
Florida,Madison,2020-04-03
Georgia,Dawson,2020-04-03
Indiana,Jennings,2020-03-24
Michigan,Marquette,2020-03-24
Minnesota,Faribault,2020-03-27
New Jersey,Ocean,2020-03-21
Texas,Grimes,2020-04-02
Texas,Hunt,2020-04-02
Texas,Johnson,2020-04-02
Texas,Knox,2020-04-02
Texas,Shelby,2020-04-02
California,Mariposa,2020-03-19
Puerto Rico,Gurabo,NA
Puerto Rico,Vega Alta,NA
Montana,Rosebud,2020-03-28
Alabama,Blount,2020-04-04
Alabama,Tuscaloosa,2020-04-04
Arkansas,Baxter,NA
Georgia,Oconee,2020-04-03
Indiana,Jasper,2020-03-24
Iowa,Adair,NA
Iowa,Linn,NA
Kentucky,Adair,2020-03-26
New Mexico,Colfax,2020-03-24
Ohio,Pickaway,2020-03-23
Oklahoma,Comanche,NA
Oregon,Malheur,2020-03-23
South Dakota,Marshall,NA
Texas,Chambers,2020-04-02
Texas,Hansford,2020-04-02
Texas,Live Oak,2020-04-02
Virginia,Newport News city,2020-03-30
Virginia,Wise,2020-03-30
Puerto Rico,Quebradillas,NA
Georgia,Lamar,2020-04-03
Georgia,Stewart,2020-04-03
Kansas,Hamilton,2020-03-30
Mississippi,Lee,2020-04-03
Nebraska,Douglas,NA
South Dakota,Hamlin,NA
South Dakota,Lake,NA
Virginia,Fairfax,2020-03-30
South Dakota,Douglas,NA
Missouri,Grundy,2020-04-06
Arkansas,Woodruff,NA
Georgia,Ware,2020-04-03
Idaho,Valley,2020-03-25
Illinois,Calhoun,2020-03-21
Kentucky,Green,2020-03-26
Minnesota,Big Stone,2020-03-27
Mississippi,Warren,2020-04-03
Montana,Beaverhead,2020-03-28
New Jersey,Monmouth,2020-03-21
North Carolina,Pamlico,2020-03-30
Texas,Parmer,2020-04-02
West Virginia,Taylor,2020-03-24
Wyoming,Sheridan,NA
Iowa,Davis,NA
Kentucky,Wolfe,2020-03-26
California,Santa Clara,2020-03-19
Georgia,McDuffie,2020-04-03
Idaho,Blaine,2020-03-25
Iowa,Poweshiek,NA
Maine,Lincoln,2020-04-02
Michigan,Barry,2020-03-24
Montana,Golden Valley,2020-03-28
Nebraska,Howard,NA
Texas,Delta,2020-04-02
Texas,Howard,2020-04-02
Texas,Panola,2020-04-02
Virginia,Rappahannock,2020-03-30
Texas,Shackelford,2020-04-02
Virginia,Martinsville city,2020-03-30
South Dakota,Edmunds,NA
Alabama,Escambia,2020-04-04
Alabama,Henry,2020-04-04
Florida,Manatee,2020-04-03
Illinois,Macon,2020-03-21
Illinois,Washington,2020-03-21
Iowa,Benton,NA
Iowa,Jones,NA
Kentucky,Jefferson,2020-03-26
Mississippi,Montgomery,2020-04-03
Mississippi,Yazoo,2020-04-03
Missouri,Atchison,2020-04-06
Missouri,Scott,2020-04-06
Nebraska,Dakota,NA
Nevada,Churchill,2020-04-01
North Carolina,McDowell,2020-03-30
North Dakota,Nelson,NA
Oklahoma,Choctaw,NA
Rhode Island,Washington,2020-03-28
Iowa,Monroe,NA
Arkansas,Hempstead,NA
Illinois,LaSalle,2020-03-21
Illinois,Lawrence,2020-03-21
Indiana,Carroll,2020-03-24
Indiana,Monroe,2020-03-24
Kentucky,Henry,2020-03-26
Nevada,Lyon,2020-04-01
Oklahoma,Ottawa,NA
Pennsylvania,Delaware,2020-04-01
Pennsylvania,Northampton,2020-04-01
South Carolina,Greenwood,NA
Tennessee,Grainger,2020-03-31
Texas,Fayette,2020-04-02
South Dakota,Grant,NA
North Dakota,Golden Valley,NA
Illinois,Franklin,2020-03-21
Illinois,Henderson,2020-03-21
Indiana,Dearborn,2020-03-24
Kansas,Douglas,2020-03-30
Michigan,Clinton,2020-03-24
Missouri,St. Charles,2020-04-06
North Carolina,Bladen,2020-03-30
Ohio,Ottawa,2020-03-23
Tennessee,Davidson,2020-03-31
Tennessee,Henderson,2020-03-31
Virginia,Hanover,2020-03-30
Kansas,Meade,2020-03-30
Kentucky,Harlan,2020-03-26
Kansas,Ness,2020-03-30
Michigan,Iron,2020-03-24
Colorado,Kiowa,2020-03-26
Alabama,Crenshaw,2020-04-04
Illinois,Ford,2020-03-21
Iowa,Taylor,NA
Kansas,Lyon,2020-03-30
Maryland,Frederick,2020-03-30
Texas,Jefferson,2020-04-02
Alaska,Valdez-Cordova Census Area,2020-03-28
Arkansas,Bradley,NA
Colorado,Mineral,2020-03-26
Georgia,Forsyth,2020-04-03
Indiana,Clinton,2020-03-24
Indiana,Noble,2020-03-24
Kentucky,Lewis,2020-03-26
New Mexico,Chaves,2020-03-24
North Carolina,Durham,2020-03-30
Oklahoma,Harper,NA
Oklahoma,McIntosh,NA
Virginia,Fluvanna,2020-03-30
Wisconsin,Sheboygan,2020-03-25
Alabama,Cullman,2020-04-04
Delaware,New Castle,2020-03-24
Indiana,Elkhart,2020-03-24
Mississippi,Humphreys,2020-04-03
Missouri,Madison,2020-04-06
New Mexico,Lea,2020-03-24
North Dakota,Oliver,NA
Texas,Burleson,2020-04-02
Colorado,Conejos,2020-03-26
Minnesota,Wadena,2020-03-27
Puerto Rico,Aguas Buenas,NA
Nebraska,Perkins,NA
Washington,Garfield,2020-03-23
Arkansas,Greene,NA
Georgia,Banks,2020-04-03
Kentucky,McLean,2020-03-26
Minnesota,Red Lake,2020-03-27
Nebraska,Madison,NA
New York,Lewis,2020-03-22
Ohio,Clark,2020-03-23
Oklahoma,Washington,NA
Texas,Fort Bend,2020-04-02
Texas,Webb,2020-04-02
Vermont,Rutland,2020-03-24
Virginia,Halifax,2020-03-30
Washington,Chelan,2020-03-23
Missouri,Monroe,2020-04-06
California,San Francisco,2020-03-19
Indiana,Benton,2020-03-24
Iowa,Polk,NA
Kansas,Pratt,2020-03-30
Mississippi,Sharkey,2020-04-03
New Mexico,Curry,2020-03-24
North Carolina,Pender,2020-03-30
Ohio,Hardin,2020-03-23
Oklahoma,Cherokee,NA
Virginia,Giles,2020-03-30
Washington,Wahkiakum,2020-03-23
West Virginia,Wetzel,2020-03-24
Puerto Rico,Camuy,NA
Puerto Rico,Catano,NA
Puerto Rico,Vega Baja,NA
Alaska,North Slope Borough,2020-03-28
Alabama,Butler,2020-04-04
Florida,St. Johns,2020-04-03
Georgia,Fannin,2020-04-03
Indiana,Porter,2020-03-24
Iowa,Cass,NA
Louisiana,Winn,2020-03-23
Michigan,Hillsdale,2020-03-24
Minnesota,Pipestone,2020-03-27
Missouri,Crawford,2020-04-06
Nebraska,Lincoln,NA
North Carolina,Pasquotank,2020-03-30
Pennsylvania,Franklin,2020-04-01
South Carolina,Cherokee,NA
South Dakota,Hyde,NA
Texas,Rains,2020-04-02
Wyoming,Sweetwater,NA
North Dakota,Wells,NA
Georgia,Catoosa,2020-04-03
Indiana,Fountain,2020-03-24
Indiana,Wayne,2020-03-24
Iowa,Hamilton,NA
Kansas,Ottawa,2020-03-30
Maryland,Washington,2020-03-30
New Mexico,Socorro,2020-03-24
New Mexico,Taos,2020-03-24
Oklahoma,Murray,NA
Pennsylvania,Carbon,2020-04-01
Pennsylvania,Snyder,2020-04-01
Texas,Lampasas,2020-04-02
Nebraska,Garfield,NA
Missouri,Ozark,2020-04-06
California,Merced,2020-03-19
Florida,Lafayette,2020-04-03
Georgia,Crawford,2020-04-03
Georgia,Greene,2020-04-03
Georgia,White,2020-04-03
Indiana,Newton,2020-03-24
Kansas,Coffey,2020-03-30
Kansas,Jewell,2020-03-30
Kansas,Sherman,2020-03-30
Kentucky,Menifee,2020-03-26
Kentucky,Whitley,2020-03-26
Louisiana,St. Helena,2020-03-23
Massachusetts,Worcester,2020-03-24
Minnesota,Le Sueur,2020-03-27
Oregon,Washington,2020-03-23
Tennessee,Cheatham,2020-03-31
Montana,Mineral,2020-03-28
Alabama,Marion,2020-04-04
Arkansas,Izard,NA
Indiana,Vermillion,2020-03-24
Iowa,Guthrie,NA
Louisiana,Terrebonne,2020-03-23
Oklahoma,Caddo,NA
Oklahoma,Muskogee,NA
Tennessee,Weakley,2020-03-31
Texas,Bailey,2020-04-02
Texas,Reagan,2020-04-02
Montana,Fallon,2020-03-28
Oregon,Wheeler,2020-03-23
Alabama,Houston,2020-04-04
Arkansas,Howard,NA
Arkansas,Saline,NA
California,Yuba,2020-03-19
Colorado,Gunnison,2020-03-26
Kansas,Saline,2020-03-30
Missouri,Osage,2020-04-06
Missouri,Platte,2020-04-06
North Carolina,Watauga,2020-03-30
Texas,Bastrop,2020-04-02
Texas,Fannin,2020-04-02
Utah,Sanpete,NA
West Virginia,Wyoming,2020-03-24
Puerto Rico,Salinas,NA
Utah,Daggett,NA
Alabama,Baldwin,2020-04-04
Arizona,Graham,2020-03-31
Arizona,Navajo,2020-03-31
California,El Dorado,2020-03-19
Georgia,Dougherty,2020-04-03
Georgia,Douglas,2020-04-03
Illinois,Gallatin,2020-03-21
Illinois,Peoria,2020-03-21
Indiana,LaPorte,2020-03-24
Kansas,Bourbon,2020-03-30
Kentucky,Grant,2020-03-26
Nebraska,Sarpy,NA
New York,Franklin,2020-03-22
Ohio,Monroe,2020-03-23
South Carolina,Pickens,NA
Texas,Concho,2020-04-02
Virginia,New Kent,2020-03-30
Washington,Kittitas,2020-03-23
Wisconsin,Florence,2020-03-25
Wyoming,Hot Springs,NA
Arkansas,Scott,NA
Florida,Baker,2020-04-03
Georgia,Muscogee,2020-04-03
Illinois,Cumberland,2020-03-21
Illinois,Pike,2020-03-21
Missouri,Iron,2020-04-06
Missouri,Marion,2020-04-06
Oklahoma,Oklahoma,NA
Pennsylvania,Armstrong,2020-04-01
Pennsylvania,Indiana,2020-04-01
South Dakota,Lawrence,NA
Texas,Gillespie,2020-04-02
Texas,Mitchell,2020-04-02
Texas,Nueces,2020-04-02
Texas,Waller,2020-04-02
Utah,Tooele,NA
Virginia,Charles City,2020-03-30
Virginia,Lunenburg,2020-03-30
Virginia,Scott,2020-03-30
West Virginia,Putnam,2020-03-24
Arkansas,Montgomery,NA
North Dakota,Adams,NA
Kansas,Republic,2020-03-30
Minnesota,Kandiyohi,2020-03-27
Montana,Deer Lodge,2020-03-28
Nebraska,Franklin,NA
Ohio,Fairfield,2020-03-23
Ohio,Harrison,2020-03-23
Oklahoma,Jackson,NA
West Virginia,Preston,2020-03-24
Wisconsin,Jefferson,2020-03-25
Alaska,Bristol Bay Borough,2020-03-28
Idaho,Franklin,2020-03-25
Nebraska,McPherson,NA
California,Mendocino,2020-03-19
Colorado,Eagle,2020-03-26
Georgia,Glynn,2020-04-03
Kansas,Reno,2020-03-30
Maine,Penobscot,2020-04-02
Maine,York,2020-04-02
Ohio,Huron,2020-03-23
South Carolina,Oconee,NA
Tennessee,Giles,2020-03-31
Tennessee,Sullivan,2020-03-31
Texas,Brazoria,2020-04-02
Texas,Camp,2020-04-02
Wisconsin,Walworth,2020-03-25
South Dakota,Bennett,NA
Idaho,Clark,2020-03-25
Illinois,Carroll,2020-03-21
Iowa,Webster,NA
Michigan,Kent,2020-03-24
Mississippi,Calhoun,2020-04-03
Nebraska,Colfax,NA
North Carolina,Jones,2020-03-30
Ohio,Clermont,2020-03-23
Oklahoma,Sequoyah,NA
Pennsylvania,Erie,2020-04-01
South Carolina,Clarendon,NA
South Dakota,Aurora,NA
Tennessee,Montgomery,2020-03-31
Texas,Dimmit,2020-04-02
Virginia,Cumberland,2020-03-30
Wisconsin,Eau Claire,2020-03-25
Missouri,Knox,2020-04-06
Montana,Phillips,2020-03-28
California,Fresno,2020-03-19
California,Madera,2020-03-19
Indiana,Jefferson,2020-03-24
Iowa,Howard,NA
Minnesota,Brown,2020-03-27
Minnesota,Carlton,2020-03-27
Minnesota,Clearwater,2020-03-27
Minnesota,Norman,2020-03-27
Minnesota,Sherburne,2020-03-27
New Jersey,Cumberland,2020-03-21
North Carolina,Bertie,2020-03-30
North Carolina,Clay,2020-03-30
North Carolina,Onslow,2020-03-30
North Carolina,Pitt,2020-03-30
South Carolina,Marion,NA
Tennessee,Bradley,2020-03-31
Tennessee,Williamson,2020-03-31
Texas,Randall,2020-04-02
Texas,Wharton,2020-04-02
West Virginia,Wayne,2020-03-24
Alabama,Pike,2020-04-04
Arkansas,Ashley,NA
Arkansas,Cleburne,NA
Colorado,Fremont,2020-03-26
Florida,Gilchrist,2020-04-03
Illinois,Jasper,2020-03-21
Kentucky,Floyd,2020-03-26
Mississippi,Covington,2020-04-03
Missouri,Dallas,2020-04-06
Nebraska,Furnas,NA
Nevada,Washoe,2020-04-01
New Jersey,Gloucester,2020-03-21
New York,Essex,2020-03-22
Tennessee,White,2020-03-31
Virginia,Danville city,2020-03-30
Nebraska,Holt,NA
Puerto Rico,Ceiba,NA
Arkansas,Pike,NA
Arkansas,Sevier,NA
Florida,DeSoto,2020-04-03
Hawaii,Maui,2020-03-25
Idaho,Bonner,2020-03-25
Kentucky,Jackson,2020-03-26
Kentucky,Powell,2020-03-26
Montana,Roosevelt,2020-03-28
Oklahoma,Rogers,NA
Oregon,Lane,2020-03-23
Pennsylvania,Venango,2020-04-01
Texas,Kleberg,2020-04-02
Texas,Sabine,2020-04-02
Wisconsin,Trempealeau,2020-03-25
Colorado,Bent,2020-03-26
Nebraska,Fillmore,NA
Texas,Hall,2020-04-02
West Virginia,Doddridge,2020-03-24
Georgia,Wheeler,2020-04-03
Kansas,Jackson,2020-03-30
Kansas,Jefferson,2020-03-30
Missouri,Holt,2020-04-06
Nebraska,Pierce,NA
North Carolina,Alleghany,2020-03-30
North Carolina,Iredell,2020-03-30
North Dakota,Barnes,NA
Pennsylvania,Adams,2020-04-01
Tennessee,Blount,2020-03-31
Texas,Erath,2020-04-02
Texas,Cottle,2020-04-02
Texas,Kenedy,2020-04-02
Connecticut,Litchfield,2020-03-23
Delaware,Kent,2020-03-24
Maryland,Caroline,2020-03-30
Minnesota,Mille Lacs,2020-03-27
North Carolina,Perquimans,2020-03-30
North Carolina,Warren,2020-03-30
North Carolina,Washington,2020-03-30
Oklahoma,Lincoln,NA
South Carolina,Aiken,NA
South Carolina,McCormick,NA
Virginia,Caroline,2020-03-30
Idaho,Shoshone,2020-03-25
California,Humboldt,2020-03-19
Colorado,Summit,2020-03-26
Georgia,Seminole,2020-04-03
Georgia,Twiggs,2020-04-03
Illinois,Mason,2020-03-21
Illinois,McHenry,2020-03-21
Indiana,Crawford,2020-03-24
Kentucky,Henderson,2020-03-26
Maryland,Cecil,2020-03-30
Massachusetts,Franklin,2020-03-24
Minnesota,Fillmore,2020-03-27
Mississippi,Alcorn,2020-04-03
Missouri,Benton,2020-04-06
New York,Niagara,2020-03-22
Ohio,Putnam,2020-03-23
Oklahoma,Marshall,NA
Pennsylvania,Fayette,2020-04-01
South Carolina,Hampton,NA
South Carolina,Lee,NA
Tennessee,Dyer,2020-03-31
Vermont,Orleans,2020-03-24
Wisconsin,Bayfield,2020-03-25
Wyoming,Washakie,NA
Puerto Rico,Barranquitas,NA
Colorado,Dolores,2020-03-26
California,Kings,2020-03-19
Florida,Hendry,2020-04-03
Georgia,Bibb,2020-04-03
Georgia,Effingham,2020-04-03
Georgia,Upson,2020-04-03
Indiana,Boone,2020-03-24
Kentucky,Taylor,2020-03-26
Michigan,Iosco,2020-03-24
New York,Steuben,2020-03-22
South Dakota,Miner,NA
Tennessee,Haywood,2020-03-31
Texas,Ellis,2020-04-02
Texas,Polk,2020-04-02
Virginia,Salem city,2020-03-30
Minnesota,Lake,2020-03-27
Utah,Beaver,NA
Arizona,Pinal,2020-03-31
California,San Luis Obispo,2020-03-19
Georgia,Calhoun,2020-04-03
Indiana,Harrison,2020-03-24
Kentucky,Hopkins,2020-03-26
Michigan,Mackinac,2020-03-24
Mississippi,Washington,2020-04-03
Nebraska,Seward,NA
New York,Montgomery,2020-03-22
North Dakota,Walsh,NA
Ohio,Clinton,2020-03-23
South Carolina,Orangeburg,NA
Texas,Hood,2020-04-02
Texas,Lamar,2020-04-02
Vermont,Addison,2020-03-24
Virginia,Lee,2020-03-30
Virginia,Rockingham,2020-03-30
Wisconsin,St. Croix,2020-03-25
Alaska,Kusilvak Census Area,2020-03-28
Kansas,Butler,2020-03-30
Kansas,Labette,2020-03-30
Kansas,Wyandotte,2020-03-30
Louisiana,Acadia,2020-03-23
Louisiana,East Baton Rouge,2020-03-23
Mississippi,Winston,2020-04-03
Ohio,Trumbull,2020-03-23
Pennsylvania,Union,2020-04-01
Tennessee,Tipton,2020-03-31
Texas,Bandera,2020-04-02
Texas,Duval,2020-04-02
Utah,San Juan,NA
Virginia,Staunton city,2020-03-30
Washington,Franklin,2020-03-23
West Virginia,Morgan,2020-03-24
Oklahoma,Pushmataha,NA
West Virginia,Pocahontas,2020-03-24
Arkansas,Phillips,NA
Florida,Gulf,2020-04-03
Idaho,Twin Falls,2020-03-25
Michigan,Dickinson,2020-03-24
Michigan,Montcalm,2020-03-24
Minnesota,Hennepin,2020-03-27
Nebraska,Cass,NA
Ohio,Erie,2020-03-23
Tennessee,Hickman,2020-03-31
Tennessee,Lawrence,2020-03-31
Washington,Pend Oreille,2020-03-23
Wisconsin,Chippewa,2020-03-25
Illinois,Putnam,2020-03-21
Missouri,Putnam,2020-04-06
Alabama,Covington,2020-04-04
Florida,Union,2020-04-03
Georgia,Coffee,2020-04-03
Georgia,Murray,2020-04-03
Indiana,Wabash,2020-03-24
Missouri,Clay,2020-04-06
Nebraska,Box Butte,NA
North Carolina,Lenoir,2020-03-30
North Carolina,Scotland,2020-03-30
North Carolina,Tyrrell,2020-03-30
Ohio,Greene,2020-03-23
Texas,Calhoun,2020-04-02
Texas,Gaines,2020-04-02
Texas,Tyler,2020-04-02
Virginia,Accomack,2020-03-30
West Virginia,Boone,2020-03-24
West Virginia,Mercer,2020-03-24
Texas,Nolan,2020-04-02
Alabama,Dallas,2020-04-04
Arizona,Gila,2020-03-31
Colorado,Prowers,2020-03-26
District of Columbia,District of Columbia,2020-04-01
Florida,St. Lucie,2020-04-03
Georgia,Spalding,2020-04-03
Indiana,Martin,2020-03-24
Kentucky,Fulton,2020-03-26
Kentucky,Harrison,2020-03-26
Kentucky,Owsley,2020-03-26
Kentucky,Scott,2020-03-26
Louisiana,Grant,2020-03-23
Louisiana,Jefferson,2020-03-23
Michigan,Manistee,2020-03-24
Michigan,Mason,2020-03-24
Mississippi,Lafayette,2020-04-03
Missouri,Andrew,2020-04-06
North Carolina,Martin,2020-03-30
Oregon,Linn,2020-03-23
Pennsylvania,Fulton,2020-04-01
South Carolina,York,NA
South Dakota,Codington,NA
Tennessee,Benton,2020-03-31
Texas,Freestone,2020-04-02
Virginia,Franklin city,2020-03-30
Virginia,Madison,2020-03-30
Virginia,Radford city,2020-03-30
Ohio,Vinton,2020-03-23
South Dakota,Butte,NA
Arizona,Pima,2020-03-31
Arizona,Yuma,2020-03-31
California,Tuolumne,2020-03-19
Georgia,Charlton,2020-04-03
Georgia,Stephens,2020-04-03
Iowa,Pottawattamie,NA
Missouri,Gentry,2020-04-06
Missouri,St. Louis city,2020-04-06
North Carolina,Dare,2020-03-30
Oklahoma,Kay,NA
Texas,Comanche,2020-04-02
Nebraska,Dawes,NA
Puerto Rico,Aguadilla,NA
Kentucky,Robertson,2020-03-26
Texas,Schleicher,2020-04-02
Arkansas,Craighead,NA
Arkansas,Prairie,NA
Georgia,Evans,2020-04-03
Georgia,Tift,2020-04-03
Illinois,Woodford,2020-03-21
Indiana,Bartholomew,2020-03-24
Kansas,Sumner,2020-03-30
Mississippi,Claiborne,2020-04-03
Mississippi,Lowndes,2020-04-03
Missouri,Shelby,2020-04-06
New York,Chautauqua,2020-03-22
North Carolina,Beaufort,2020-03-30
North Carolina,Forsyth,2020-03-30
Texas,Atascosa,2020-04-02
Texas,Kerr,2020-04-02
Texas,Rusk,2020-04-02
Virginia,Northumberland,2020-03-30
Illinois,Edgar,2020-03-21
South Dakota,Perkins,NA
Texas,Borden,2020-04-02
Colorado,Montezuma,2020-03-26
Georgia,Gwinnett,2020-04-03
Georgia,Lumpkin,2020-04-03
Kentucky,Bath,2020-03-26
New York,Wyoming,2020-03-22
Pennsylvania,Warren,2020-04-01
West Virginia,Wood,2020-03-24
Missouri,Sullivan,2020-04-06
Indiana,Spencer,2020-03-24
Louisiana,Union,2020-03-23
Michigan,Missaukee,2020-03-24
Mississippi,Jackson,2020-04-03
Missouri,Livingston,2020-04-06
Oregon,Benton,2020-03-23
Oregon,Jefferson,2020-03-23
Pennsylvania,Chester,2020-04-01
Pennsylvania,Elk,2020-04-01
Nebraska,Pawnee,NA
Alabama,Greene,2020-04-04
Alabama,Macon,2020-04-04
Florida,Orange,2020-04-03
Kentucky,Laurel,2020-03-26
Maryland,Harford,2020-03-30
North Carolina,Lee,2020-03-30
North Dakota,Grand Forks,NA
Ohio,Guernsey,2020-03-23
South Dakota,Walworth,NA
Tennessee,Bledsoe,2020-03-31
Tennessee,Cocke,2020-03-31
Tennessee,Henry,2020-03-31
Virgin Islands,St. Thomas,NA
Wisconsin,Columbia,2020-03-25
Puerto Rico,Anasco,NA
Puerto Rico,Guaynabo,NA
Texas,Wheeler,2020-04-02
Texas,Throckmorton,2020-04-02
Arkansas,Chicot,NA
Arkansas,Logan,NA
Florida,Liberty,2020-04-03
Georgia,Franklin,2020-04-03
Iowa,Cerro Gordo,NA
Iowa,Page,NA
Louisiana,Concordia,2020-03-23
Maryland,Baltimore city,2020-03-30
Michigan,Gladwin,2020-03-24
New York,Putnam,2020-03-22
North Dakota,McIntosh,NA
Ohio,Stark,2020-03-23
Oregon,Union,2020-03-23
Texas,Oldham,2020-04-02
West Virginia,Barbour,2020-03-24
Kansas,Pawnee,2020-03-30
Kansas,Logan,2020-03-30
Montana,Fergus,2020-03-28
Georgia,Clarke,2020-04-03
Georgia,Long,2020-04-03
Illinois,Moultrie,2020-03-21
Iowa,Henry,NA
Kentucky,Letcher,2020-03-26
Michigan,Genesee,2020-03-24
Michigan,Oakland,2020-03-24
Mississippi,Holmes,2020-04-03
Mississippi,Oktibbeha,2020-04-03
Mississippi,Sunflower,2020-04-03
Missouri,Saline,2020-04-06
New York,Oneida,2020-03-22
North Carolina,Wayne,2020-03-30
Texas,Childress,2020-04-02
Washington,Clallam,2020-03-23
Alaska,Petersburg Borough,2020-03-28
Colorado,Las Animas,2020-03-26
Colorado,Phillips,2020-03-26
Colorado,Washington,2020-03-26
Indiana,Sullivan,2020-03-24
Kentucky,Boyd,2020-03-26
Kentucky,Woodford,2020-03-26
Minnesota,Dodge,2020-03-27
Mississippi,Yalobusha,2020-04-03
Missouri,Franklin,2020-04-06
Missouri,Ralls,2020-04-06
Montana,Ravalli,2020-03-28
Nebraska,Gosper,NA
New Hampshire,Rockingham,2020-03-27
New Mexico,Bernalillo,2020-03-24
Ohio,Lake,2020-03-23
Texas,Mason,2020-04-02
Virginia,Carroll,2020-03-30
Puerto Rico,Caguas,NA
Virginia,Grayson,2020-03-30
Arkansas,Boone,NA
Georgia,Dooly,2020-04-03
Illinois,Vermilion,2020-03-21
Indiana,Huntington,2020-03-24
Michigan,Macomb,2020-03-24
Minnesota,Cottonwood,2020-03-27
Mississippi,Monroe,2020-04-03
North Carolina,Macon,2020-03-30
Oregon,Lincoln,2020-03-23
Pennsylvania,Pike,2020-04-01
Virginia,Tazewell,2020-03-30
Nebraska,Greeley,NA
Puerto Rico,Lares,NA
Texas,Lipscomb,2020-04-02
Texas,McMullen,2020-04-02
Alabama,Calhoun,2020-04-04
Alabama,Marshall,2020-04-04
Colorado,Otero,2020-03-26
Illinois,Lake,2020-03-21
Indiana,Jackson,2020-03-24
Kentucky,Pendleton,2020-03-26
Michigan,Ottawa,2020-03-24
Nebraska,Platte,NA
Nebraska,Webster,NA
Nevada,White Pine,2020-04-01
North Dakota,Cass,NA
North Dakota,Williams,NA
Texas,Hemphill,2020-04-02
Nebraska,Thurston,NA
Nebraska,Valley,NA
Texas,Baylor,2020-04-02
Nebraska,Hooker,NA
Alabama,Lee,2020-04-04
Arkansas,Clay,NA
Arkansas,Lawrence,NA
Arkansas,Stone,NA
Colorado,Gilpin,2020-03-26
Florida,Sarasota,2020-04-03
Georgia,Macon,2020-04-03
Illinois,Saline,2020-03-21
Iowa,Jasper,NA
Missouri,Webster,2020-04-06
New Hampshire,Grafton,2020-03-27
New York,Ontario,2020-03-22
North Carolina,Halifax,2020-03-30
North Carolina,Wake,2020-03-30
Ohio,Columbiana,2020-03-23
Oregon,Marion,2020-03-23
South Carolina,Anderson,NA
Tennessee,Maury,2020-03-31
Virginia,Falls Church city,2020-03-30
West Virginia,Raleigh,2020-03-24
Minnesota,Hubbard,2020-03-27
Minnesota,Lake of the Woods,2020-03-27
Florida,Seminole,2020-04-03
Florida,Walton,2020-04-03
Idaho,Lincoln,2020-03-25
Indiana,Knox,2020-03-24
Maryland,Allegany,2020-03-30
Maryland,Prince George's,2020-03-30
Mississippi,Lamar,2020-04-03
Mississippi,Neshoba,2020-04-03
Missouri,Chariton,2020-04-06
Nevada,Humboldt,2020-04-01
New York,New York City,2020-03-22
Pennsylvania,Cumberland,2020-04-01
Arizona,Mohave,2020-03-31
Georgia,Jackson,2020-04-03
Indiana,Johnson,2020-03-24
Indiana,Tippecanoe,2020-03-24
Massachusetts,Hampden,2020-03-24
Michigan,Emmet,2020-03-24
Mississippi,Harrison,2020-04-03
Missouri,Pettis,2020-04-06
Missouri,St. Louis,2020-04-06
Missouri,Warren,2020-04-06
New Mexico,San Miguel,2020-03-24
Ohio,Holmes,2020-03-23
Texas,Eastland,2020-04-02
Texas,Henderson,2020-04-02
Virgin Islands,St. Croix,NA
Virginia,Chesterfield,2020-03-30
West Virginia,Marion,2020-03-24
Minnesota,Kanabec,2020-03-27
Colorado,Jackson,2020-03-26
Alabama,Lamar,2020-04-04
Arkansas,Crittenden,NA
Colorado,Larimer,2020-03-26
Georgia,Walton,2020-04-03
Indiana,Fayette,2020-03-24
Indiana,Randolph,2020-03-24
Kansas,Osage,2020-03-30
Kentucky,Kenton,2020-03-26
Kentucky,Rockcastle,2020-03-26
Maine,Kennebec,2020-04-02
Michigan,Benzie,2020-03-24
Michigan,Ingham,2020-03-24
Michigan,Van Buren,2020-03-24
Minnesota,Martin,2020-03-27
Montana,Musselshell,2020-03-28
Ohio,Darke,2020-03-23
Tennessee,Johnson,2020-03-31
Tennessee,Obion,2020-03-31
Texas,Ector,2020-04-02
Utah,Carbon,NA
Virginia,Page,2020-03-30
Iowa,Calhoun,NA
Minnesota,Grant,2020-03-27
Puerto Rico,Canovanas,NA
Puerto Rico,Juana Diaz,NA
Puerto Rico,Las Marias,NA
Texas,Runnels,2020-04-02
Arkansas,Garland,NA
Arkansas,Lonoke,NA
Colorado,Denver,2020-03-26
Indiana,Morgan,2020-03-24
Kansas,Johnson,2020-03-30
Minnesota,Becker,2020-03-27
Mississippi,Kemper,2020-04-03
Mississippi,Lauderdale,2020-04-03
Missouri,Daviess,2020-04-06
Missouri,Morgan,2020-04-06
North Carolina,Rutherford,2020-03-30
Oklahoma,Delaware,NA
South Carolina,Saluda,NA
Texas,Aransas,2020-04-02
Utah,Sevier,NA
Wisconsin,Kenosha,2020-03-25
Puerto Rico,Arroyo,NA
Georgia,Barrow,2020-04-03
Georgia,Peach,2020-04-03
Iowa,Greene,NA
Iowa,Worth,NA
Louisiana,Bossier,2020-03-23
Minnesota,Houston,2020-03-27
Missouri,Perry,2020-04-06
Missouri,Stone,2020-04-06
North Carolina,Transylvania,2020-03-30
Oklahoma,Carter,NA
Texas,Brown,2020-04-02
Puerto Rico,San German,NA
Arkansas,Columbia,NA
Colorado,Delta,2020-03-26
Kansas,Chase,2020-03-30
Kentucky,Marshall,2020-03-26
Minnesota,Carver,2020-03-27
Minnesota,Lyon,2020-03-27
Minnesota,Ramsey,2020-03-27
Ohio,Meigs,2020-03-23
Tennessee,Carter,2020-03-31
West Virginia,Monroe,2020-03-24
Alabama,Autauga,2020-04-04
California,San Bernardino,2020-03-19
Connecticut,Hartford,2020-03-23
Georgia,Miller,2020-04-03
Illinois,Shelby,2020-03-21
Indiana,Gibson,2020-03-24
Missouri,Carter,2020-04-06
North Carolina,Davie,2020-03-30
South Dakota,Pennington,NA
Georgia,Turner,2020-04-03
Minnesota,Kittson,2020-03-27
Mississippi,Lincoln,2020-04-03
Missouri,Pike,2020-04-06
Montana,Missoula,2020-03-28
Montana,Richland,2020-03-28
Oklahoma,McClain,NA
Texas,Colorado,2020-04-02
Texas,Hardin,2020-04-02
Virginia,Culpeper,2020-03-30
Oklahoma,Washita,NA
Nebraska,Grant,NA
California,San Diego,2020-03-19
Colorado,Routt,2020-03-26
Florida,Dixie,2020-04-03
Georgia,Bulloch,2020-04-03
Georgia,Newton,2020-04-03
Idaho,Kootenai,2020-03-25
Indiana,DeKalb,2020-03-24
Indiana,Jay,2020-03-24
Indiana,Miami,2020-03-24
Kansas,Finney,2020-03-30
Michigan,Charlevoix,2020-03-24
Missouri,St. Clair,2020-04-06
Montana,Flathead,2020-03-28
Montana,Jefferson,2020-03-28
New York,Warren,2020-03-22
Ohio,Scioto,2020-03-23
South Dakota,Yankton,NA
Tennessee,Hamilton,2020-03-31
Tennessee,Sevier,2020-03-31
Wisconsin,Dane,2020-03-25
Wisconsin,Oneida,2020-03-25
Wisconsin,Price,2020-03-25
Puerto Rico,Maunabo,NA
Wisconsin,Langlade,2020-03-25
Arkansas,Drew,NA
Florida,Hamilton,2020-04-03
Illinois,DuPage,2020-03-21
Illinois,Tazewell,2020-03-21
Indiana,Henry,2020-03-24
Indiana,Rush,2020-03-24
Kansas,Wilson,2020-03-30
Kentucky,Barren,2020-03-26
Louisiana,St. Tammany,2020-03-23
Michigan,Lapeer,2020-03-24
New Mexico,Los Alamos,2020-03-24
Oregon,Clatsop,2020-03-23
Texas,Cooke,2020-04-02
South Dakota,Ziebach,NA
Minnesota,Stevens,2020-03-27
Delaware,Sussex,2020-03-24
Florida,Jackson,2020-04-03
Georgia,Chattooga,2020-04-03
Georgia,Rockdale,2020-04-03
Indiana,Whitley,2020-03-24
Iowa,Dallas,NA
Mississippi,Hinds,2020-04-03
Missouri,Montgomery,2020-04-06
Montana,Big Horn,2020-03-28
Ohio,Auglaize,2020-03-23
Oklahoma,Kingfisher,NA
Pennsylvania,Clarion,2020-04-01
Virginia,Sussex,2020-03-30
Alaska,Lake and Peninsula Borough,2020-03-28
Arkansas,Cleveland,NA
Colorado,Chaffee,2020-03-26
Colorado,Crowley,2020-03-26
Colorado,Grand,2020-03-26
Georgia,Meriwether,2020-04-03
Hawaii,Honolulu,2020-03-25
Kentucky,Knox,2020-03-26
Louisiana,West Carroll,2020-03-23
Mississippi,Itawamba,2020-04-03
Mississippi,Prentiss,2020-04-03
New Mexico,Eddy,2020-03-24
North Carolina,Greene,2020-03-30
Oklahoma,Jefferson,NA
Oregon,Tillamook,2020-03-23
South Carolina,Charleston,NA
Texas,Red River,2020-04-02
Washington,Douglas,2020-03-23
Puerto Rico,Hatillo,NA
Texas,Glasscock,2020-04-02
Wisconsin,Burnett,2020-03-25
Idaho,Gooding,2020-03-25
Illinois,Grundy,2020-03-21
Illinois,Henry,2020-03-21
Kentucky,Campbell,2020-03-26
Massachusetts,Berkshire,2020-03-24
Minnesota,Cass,2020-03-27
Minnesota,St. Louis,2020-03-27
South Dakota,Brookings,NA
Tennessee,Decatur,2020-03-31
Oregon,Lake,2020-03-23
Arkansas,Crawford,NA
California,Glenn,2020-03-19
Indiana,Hendricks,2020-03-24
Iowa,Johnson,NA
Mississippi,Wilkinson,2020-04-03
New York,Delaware,2020-03-22
New York,Tompkins,2020-03-22
Oklahoma,Nowata,NA
Oklahoma,Pawnee,NA
Oregon,Morrow,2020-03-23
Oregon,Wallowa,2020-03-23
Virginia,Lancaster,2020-03-30
Puerto Rico,Culebra,NA
Alaska,Skagway Municipality,2020-03-28
Georgia,Richmond,2020-04-03
Illinois,Jefferson,2020-03-21
Iowa,Buchanan,NA
Iowa,Jefferson,NA
Kentucky,Casey,2020-03-26
Michigan,Alcona,2020-03-24
Minnesota,Douglas,2020-03-27
North Dakota,Divide,NA
South Carolina,Fairfield,NA
South Dakota,Roberts,NA
Texas,Gray,2020-04-02
Virginia,Charlottesville city,2020-03-30
Virginia,Roanoke city,2020-03-30
Wisconsin,Racine,2020-03-25
Kansas,Anderson,2020-03-30
Colorado,Jefferson,2020-03-26
Florida,Alachua,2020-04-03
Florida,Hardee,2020-04-03
Georgia,Oglethorpe,2020-04-03
Illinois,Fayette,2020-03-21
Iowa,Union,NA
Louisiana,Vermilion,2020-03-23
North Dakota,Eddy,NA
North Dakota,Slope,NA
Ohio,Fayette,2020-03-23
Pennsylvania,Clinton,2020-04-01
Pennsylvania,McKean,2020-04-01
South Dakota,Moody,NA
Tennessee,Meigs,2020-03-31
Texas,Motley,2020-04-02
Virginia,Essex,2020-03-30
Washington,Adams,2020-03-23
West Virginia,Pendleton,2020-03-24
Puerto Rico,Guayama,NA
Nebraska,Brown,NA
Georgia,Whitfield,2020-04-03
Indiana,Dubois,2020-03-24
Louisiana,Natchitoches,2020-03-23
Louisiana,St. Landry,2020-03-23
Michigan,St. Joseph,2020-03-24
Missouri,Caldwell,2020-04-06
New York,Livingston,2020-03-22
New York,Otsego,2020-03-22
Ohio,Ross,2020-03-23
Pennsylvania,Allegheny,2020-04-01
Georgia,Taliaferro,2020-04-03
Kentucky,Lee,2020-03-26
Michigan,Alger,2020-03-24
South Dakota,Brule,NA
Kansas,Marshall,2020-03-30
Kansas,Wallace,2020-03-30
California,Sutter,2020-03-19
Indiana,Vanderburgh,2020-03-24
Kansas,Cherokee,2020-03-30
Kentucky,Mercer,2020-03-26
Louisiana,Beauregard,2020-03-23
Louisiana,Vernon,2020-03-23
Michigan,Branch,2020-03-24
Nevada,Carson City,2020-04-01
New York,Ulster,2020-03-22
South Carolina,Chesterfield,NA
South Carolina,Lancaster,NA
Texas,Guadalupe,2020-04-02
Washington,Thurston,2020-03-23
Wisconsin,Ashland,2020-03-25
Wisconsin,Milwaukee,2020-03-25
Wyoming,Carbon,NA
Northern Mariana Islands,Saipan,NA
Alabama,Coosa,2020-04-04
Connecticut,New Haven,2020-03-23
Georgia,Taylor,2020-04-03
Illinois,Kendall,2020-03-21
Kentucky,McCreary,2020-03-26
Kentucky,Nicholas,2020-03-26
Minnesota,Beltrami,2020-03-27
Minnesota,Pine,2020-03-27
New York,Hamilton,2020-03-22
North Carolina,Harnett,2020-03-30
South Carolina,Chester,NA
South Carolina,Kershaw,NA
Texas,Frio,2020-04-02
Texas,Kaufman,2020-04-02
Utah,Weber,NA
Virginia,Hampton city,2020-03-30
Illinois,Brown,2020-03-21
Puerto Rico,Arecibo,NA
Montana,Custer,2020-03-28
Alabama,Colbert,2020-04-04
Alabama,Russell,2020-04-04
Arkansas,Jefferson,NA
Colorado,Montrose,2020-03-26
Florida,Duval,2020-04-03
Georgia,Colquitt,2020-04-03
Indiana,Marshall,2020-03-24
Kentucky,Warren,2020-03-26
Minnesota,Freeborn,2020-03-27
Minnesota,Rice,2020-03-27
North Carolina,Person,2020-03-30
North Carolina,Stanly,2020-03-30
North Dakota,Morton,NA
Ohio,Logan,2020-03-23
Ohio,Union,2020-03-23
Oregon,Yamhill,2020-03-23
South Carolina,Georgetown,NA
Wisconsin,Green Lake,2020-03-25
Wyoming,Natrona,NA
Kansas,Edwards,2020-03-30
Missouri,Douglas,2020-04-06
Connecticut,Tolland,2020-03-23
Georgia,Berrien,2020-04-03
Georgia,Bryan,2020-04-03
Georgia,Marion,2020-04-03
Hawaii,Hawaii,2020-03-25
Kentucky,Allen,2020-03-26
Kentucky,Fayette,2020-03-26
Michigan,Bay,2020-03-24
Mississippi,Panola,2020-04-03
Nebraska,Dawson,NA
Nebraska,Kimball,NA
New York,Saratoga,2020-03-22
Oklahoma,Latimer,NA
Tennessee,Hardin,2020-03-31
Tennessee,Smith,2020-03-31
Virginia,Nelson,2020-03-30
Nebraska,Thayer,NA
Mississippi,Issaquena,2020-04-03
Arizona,Maricopa,2020-03-31
Georgia,Monroe,2020-04-03
Idaho,Bonneville,2020-03-25
Idaho,Custer,2020-03-25
Indiana,Grant,2020-03-24
Louisiana,Caddo,2020-03-23
Michigan,Newaygo,2020-03-24
Minnesota,Winona,2020-03-27
Missouri,Christian,2020-04-06
Missouri,Gasconade,2020-04-06
Missouri,Phelps,2020-04-06
Nevada,Clark,2020-04-01
South Dakota,Todd,NA
Texas,DeWitt,2020-04-02
Texas,Washington,2020-04-02
Virginia,Amherst,2020-03-30
Washington,Mason,2020-03-23
Wisconsin,Waupaca,2020-03-25
Iowa,Floyd,NA
Wisconsin,Taylor,2020-03-25
Montana,Garfield,2020-03-28
Colorado,Yuma,2020-03-26
Georgia,Carroll,2020-04-03
Illinois,Schuyler,2020-03-21
New Mexico,Luna,2020-03-24
Texas,Armstrong,2020-04-02
Texas,Morris,2020-04-02
Texas,Young,2020-04-02
Iowa,Humboldt,NA
Puerto Rico,San Lorenzo,NA
South Dakota,Hanson,NA
Alabama,Clarke,2020-04-04
Alabama,Dale,2020-04-04
Alabama,Randolph,2020-04-04
Arkansas,Washington,NA
Minnesota,Yellow Medicine,2020-03-27
Nebraska,Merrick,NA
New Mexico,Grant,2020-03-24
Pennsylvania,Lebanon,2020-04-01
Pennsylvania,Luzerne,2020-04-01
Texas,Travis,2020-04-02
Iowa,Adams,NA
Georgia,Wilkes,2020-04-03
Kansas,Barton,2020-03-30
Louisiana,De Soto,2020-03-23
Minnesota,Otter Tail,2020-03-27
Mississippi,Newton,2020-04-03
Missouri,Bollinger,2020-04-06
North Carolina,Stokes,2020-03-30
Oklahoma,Beckham,NA
South Carolina,Union,NA
Texas,Bowie,2020-04-02
Virginia,Albemarle,2020-03-30
Washington,Columbia,2020-03-23
Nebraska,Sherman,NA
California,Sierra,2020-03-19
Montana,Powder River,2020-03-28
Alabama,Hale,2020-04-04
Arizona,Santa Cruz,2020-03-31
Florida,Bradford,2020-04-03
Florida,Gadsden,2020-04-03
Kansas,Woodson,2020-03-30
Kentucky,Larue,2020-03-26
Kentucky,Oldham,2020-03-26
Louisiana,Cameron,2020-03-23
Louisiana,St. Martin,2020-03-23
Michigan,Crawford,2020-03-24
Michigan,Lake,2020-03-24
Missouri,Nodaway,2020-04-06
New Mexico,Rio Arriba,2020-03-24
Ohio,Adams,2020-03-23
Pennsylvania,Cameron,2020-04-01
Tennessee,Marion,2020-03-31
Tennessee,Rutherford,2020-03-31
Virginia,Bristol city,2020-03-30
Wyoming,Park,NA
Wyoming,Teton,NA
Puerto Rico,Humacao,NA
Arkansas,Nevada,NA
Colorado,San Miguel,2020-03-26
Florida,Okeechobee,2020-04-03
Illinois,Kane,2020-03-21
Indiana,Ripley,2020-03-24
Kentucky,Clay,2020-03-26
Kentucky,Garrard,2020-03-26
Louisiana,Orleans,2020-03-23
Mississippi,Chickasaw,2020-04-03
Nebraska,Lancaster,NA
North Carolina,Cumberland,2020-03-30
Ohio,Ashland,2020-03-23
Ohio,Mahoning,2020-03-23
Oklahoma,Custer,NA
Oregon,Sherman,2020-03-23
Virginia,Amelia,2020-03-30
Virginia,Surry,2020-03-30
Wisconsin,Douglas,2020-03-25
Nebraska,Keith,NA
North Dakota,Mercer,NA
Montana,Blaine,2020-03-28
Florida,Indian River,2020-04-03
Michigan,Eaton,2020-03-24
Nebraska,Nemaha,NA
New York,Fulton,2020-03-22
Ohio,Franklin,2020-03-23
Pennsylvania,Berks,2020-04-01
South Carolina,Abbeville,NA
South Dakota,Jerauld,NA
Texas,Floyd,2020-04-02
Virginia,Brunswick,2020-03-30
Arkansas,Hot Spring,NA
California,Shasta,2020-03-19
Georgia,Atkinson,2020-04-03
Georgia,Paulding,2020-04-03
Georgia,Wilcox,2020-04-03
Iowa,Mitchell,NA
Kentucky,Pulaski,2020-03-26
Maryland,Carroll,2020-03-30
Michigan,Houghton,2020-03-24
Mississippi,George,2020-04-03
New York,Seneca,2020-03-22
North Carolina,Edgecombe,2020-03-30
North Carolina,Granville,2020-03-30
Oklahoma,Kiowa,NA
Wisconsin,Washington,2020-03-25
Nebraska,Jefferson,NA
Puerto Rico,Villalba,NA
Virginia,Dickenson,2020-03-30
Arkansas,St. Francis,NA
Iowa,Iowa,NA
Kansas,Crawford,2020-03-30
Kansas,Greenwood,2020-03-30
Kansas,Montgomery,2020-03-30
Kentucky,Marion,2020-03-26
New Jersey,Hunterdon,2020-03-21
North Dakota,Stark,NA
Ohio,Madison,2020-03-23
Pennsylvania,Bucks,2020-04-01
South Dakota,Deuel,NA
Virginia,Fredericksburg city,2020-03-30
Texas,Collingsworth,2020-04-02
South Dakota,Jackson,NA
Alaska,Denali Borough,2020-03-28
Arkansas,Jackson,NA
Arkansas,Lafayette,NA
California,Los Angeles,2020-03-19
Maryland,Baltimore,2020-03-30
Mississippi,Leflore,2020-04-03
Montana,Pondera,2020-03-28
New Mexico,Cibola,2020-03-24
New Mexico,McKinley,2020-03-24
Oklahoma,McCurtain,NA
Virginia,Portsmouth city,2020-03-30
Virginia,Rockbridge,2020-03-30
Colorado,Clear Creek,2020-03-26
Iowa,Des Moines,NA
Iowa,Wapello,NA
Iowa,Woodbury,NA
Louisiana,Tensas,2020-03-23
Minnesota,Chisago,2020-03-27
Ohio,Champaign,2020-03-23
Oklahoma,Woods,NA
Rhode Island,Providence,2020-03-28
Virginia,Floyd,2020-03-30
North Dakota,Sheridan,NA
Nebraska,Rock,NA
Arkansas,Clark,NA
Arkansas,Newton,NA
Florida,Wakulla,2020-04-03
Kansas,McPherson,2020-03-30
Kentucky,Carter,2020-03-26
Kentucky,Shelby,2020-03-26
Louisiana,St. Charles,2020-03-23
Maine,Cumberland,2020-04-02
Minnesota,Itasca,2020-03-27
Nebraska,Dixon,NA
Nebraska,Scotts Bluff,NA
Pennsylvania,Philadelphia,2020-04-01
Virginia,Emporia city,2020-03-30
West Virginia,Ohio,2020-03-24
North Dakota,Pembina,NA
Texas,Brooks,2020-04-02
Texas,Refugio,2020-04-02
Alaska,Wrangell City and Borough,2020-03-28
California,Imperial,2020-03-19
Colorado,Hinsdale,2020-03-26
Georgia,Sumter,2020-04-03
Illinois,Clinton,2020-03-21
Iowa,Dickinson,NA
Mississippi,Copiah,2020-04-03
Missouri,Callaway,2020-04-06
South Dakota,Clay,NA
Tennessee,Rhea,2020-03-31
Tennessee,Van Buren,2020-03-31
Texas,Denton,2020-04-02
Utah,Garfield,NA
Wisconsin,Sawyer,2020-03-25
North Carolina,Yancey,2020-03-30
Puerto Rico,Luquillo,NA
Nevada,Pershing,2020-04-01
Alabama,Clay,2020-04-04
California,Amador,2020-03-19
Indiana,Allen,2020-03-24
Iowa,Tama,NA
Kansas,Linn,2020-03-30
Mississippi,Attala,2020-04-03
North Carolina,Carteret,2020-03-30
Ohio,Wood,2020-03-23
South Carolina,Marlboro,NA
Texas,Harrison,2020-04-02
Washington,San Juan,2020-03-23
Washington,Walla Walla,2020-03-23
West Virginia,Mingo,2020-03-24
West Virginia,Clay,2020-03-24
Wisconsin,Forest,2020-03-25
Arkansas,Pope,NA
Colorado,La Plata,2020-03-26
Michigan,Antrim,2020-03-24
Michigan,Jackson,2020-03-24
Mississippi,Lawrence,2020-04-03
South Dakota,Brown,NA
Texas,Blanco,2020-04-02
Virginia,Russell,2020-03-30
Virginia,Waynesboro city,2020-03-30
West Virginia,Jackson,2020-03-24
Wisconsin,Adams,2020-03-25
Wisconsin,Fond du Lac,2020-03-25
Wyoming,Goshen,NA
Arkansas,Fulton,NA
Idaho,Bear Lake,2020-03-25
Alabama,Chilton,2020-04-04
California,San Benito,2020-03-19
Florida,Holmes,2020-04-03
Iowa,Franklin,NA
Iowa,Madison,NA
Kansas,Harvey,2020-03-30
Kansas,Seward,2020-03-30
Montana,Meagher,2020-03-28
Nebraska,Morrill,NA
New Mexico,Quay,2020-03-24
Oklahoma,Bryan,NA
Pennsylvania,Lycoming,2020-04-01
Texas,Franklin,2020-04-02
Texas,Lubbock,2020-04-02
Nebraska,Banner,NA
Colorado,Boulder,2020-03-26
Colorado,Mesa,2020-03-26
Colorado,Pitkin,2020-03-26
Kansas,Leavenworth,2020-03-30
Louisiana,Assumption,2020-03-23
Missouri,Randolph,2020-04-06
New Hampshire,Carroll,2020-03-27
North Carolina,Catawba,2020-03-30
Oklahoma,Wagoner,NA
Tennessee,Humphreys,2020-03-31
Virginia,Richmond,2020-03-30
Nevada,Lincoln,2020-04-01
Puerto Rico,Hormigueros,NA
Kentucky,Bell,2020-03-26
Colorado,Custer,2020-03-26
Florida,Broward,2020-04-03
Indiana,Perry,2020-03-24
Indiana,Switzerland,2020-03-24
Kentucky,Boone,2020-03-26
Kentucky,Bullitt,2020-03-26
Louisiana,Webster,2020-03-23
Missouri,Macon,2020-04-06
New York,Oswego,2020-03-22
North Dakota,Dunn,NA
Pennsylvania,Schuylkill,2020-04-01
Pennsylvania,Wayne,2020-04-01
Texas,Potter,2020-04-02
Texas,Menard,2020-04-02
Virginia,Bland,2020-03-30
Alabama,Jackson,2020-04-04
Arkansas,Polk,NA
Georgia,Bartow,2020-04-03
Indiana,Washington,2020-03-24
Iowa,Osceola,NA
Kentucky,Bourbon,2020-03-26
Kentucky,Simpson,2020-03-26
Minnesota,Anoka,2020-03-27
Minnesota,Lac qui Parle,2020-03-27
Mississippi,Carroll,2020-04-03
Mississippi,Pike,2020-04-03
Montana,Broadwater,2020-03-28
Pennsylvania,Monroe,2020-04-01
South Dakota,Fall River,NA
Texas,Bell,2020-04-02
Utah,Uintah,NA
West Virginia,Greenbrier,2020-03-24
Wisconsin,Buffalo,2020-03-25
South Dakota,Tripp,NA
Texas,Coleman,2020-04-02
Nebraska,Hayes,NA
Nevada,Esmeralda,2020-04-01
Alabama,Walker,2020-04-04
Arkansas,Cross,NA
Georgia,Terrell,2020-04-03
Idaho,Bingham,2020-03-25
Indiana,Montgomery,2020-03-24
Iowa,Wright,NA
Kentucky,Boyle,2020-03-26
Minnesota,Crow Wing,2020-03-27
Minnesota,Rock,2020-03-27
Oklahoma,Cleveland,NA
Tennessee,Clay,2020-03-31
Wisconsin,Shawano,2020-03-25
Arkansas,Little River,NA
Kansas,Rice,2020-03-30
Nebraska,Nuckolls,NA
Puerto Rico,Cabo Rojo,NA
Tennessee,Pickett,2020-03-31
Georgia,Brantley,2020-04-03
Indiana,Lawrence,2020-03-24
Kentucky,Butler,2020-03-26
Louisiana,St. John the Baptist,2020-03-23
Mississippi,Tate,2020-04-03
Nebraska,Polk,NA
Ohio,Hamilton,2020-03-23
Oklahoma,Woodward,NA
South Carolina,Richland,NA
Tennessee,Hamblen,2020-03-31
Texas,Dallas,2020-04-02
Texas,Milam,2020-04-02
Washington,Grant,2020-03-23
Washington,Pierce,2020-03-23
West Virginia,Hardy,2020-03-24
West Virginia,McDowell,2020-03-24
Wisconsin,Ozaukee,2020-03-25
Texas,Real,2020-04-02
Arkansas,Calhoun,NA
Montana,Daniels,2020-03-28
Montana,Wibaux,2020-03-28
Georgia,Polk,2020-04-03
Illinois,Madison,2020-03-21
Illinois,McLean,2020-03-21
Kentucky,Cumberland,2020-03-26
Missouri,Clinton,2020-04-06
Nebraska,Cuming,NA
New York,Herkimer,2020-03-22
New York,Jefferson,2020-03-22
Ohio,Brown,2020-03-23
Texas,Hamilton,2020-04-02
Virginia,Petersburg city,2020-03-30
Virginia,Washington,2020-03-30
Washington,Grays Harbor,2020-03-23
Illinois,Hardin,2020-03-21
Kentucky,Owen,2020-03-26
Texas,Mills,2020-04-02
Arkansas,Faulkner,NA
California,Sonoma,2020-03-19
Colorado,Rio Grande,2020-03-26
Florida,Marion,2020-04-03
Illinois,Wabash,2020-03-21
Louisiana,St. Bernard,2020-03-23
Missouri,Cape Girardeau,2020-04-06
Oklahoma,Garfield,NA
Tennessee,Warren,2020-03-31
Texas,Kendall,2020-04-02
Texas,Somervell,2020-04-02
Kansas,Smith,2020-03-30
Missouri,Camden,2020-04-06
Montana,Liberty,2020-03-28
North Carolina,Hertford,2020-03-30
North Carolina,Rockingham,2020-03-30
North Carolina,Vance,2020-03-30
Pennsylvania,Westmoreland,2020-04-01
Texas,Taylor,2020-04-02
Utah,Grand,NA
New Mexico,Sierra,2020-03-24
Puerto Rico,Dorado,NA
West Virginia,Calhoun,2020-03-24
Kansas,Rush,2020-03-30
Texas,Culberson,2020-04-02
Montana,Carter,2020-03-28
Georgia,Toombs,2020-04-03
Georgia,Troup,2020-04-03
Georgia,Wayne,2020-04-03
Indiana,Delaware,2020-03-24
Kansas,Phillips,2020-03-30
Kentucky,Edmonson,2020-03-26
Missouri,Washington,2020-04-06
New Jersey,Burlington,2020-03-21
Ohio,Lawrence,2020-03-23
Ohio,Washington,2020-03-23
Pennsylvania,Columbia,2020-04-01
Rhode Island,Bristol,2020-03-28
South Dakota,Lincoln,NA
Tennessee,Monroe,2020-03-31
Puerto Rico,Rincon,NA
South Dakota,Custer,NA
Arkansas,Union,NA
Georgia,Brooks,2020-04-03
Illinois,DeKalb,2020-03-21
Illinois,Livingston,2020-03-21
Indiana,Kosciusko,2020-03-24
Louisiana,Plaquemines,2020-03-23
Massachusetts,Bristol,2020-03-24
Michigan,Kalkaska,2020-03-24
Nebraska,Dodge,NA
New York,Cattaraugus,2020-03-22
North Carolina,Guilford,2020-03-30
Ohio,Morgan,2020-03-23
Pennsylvania,Montour,2020-04-01
Pennsylvania,Susquehanna,2020-04-01
Tennessee,Knox,2020-03-31
Texas,Lavaca,2020-04-02
Texas,Williamson,2020-04-02
Virginia,Gloucester,2020-03-30
Wyoming,Crook,NA
Puerto Rico,Fajardo,NA
Missouri,Barton,2020-04-06
South Dakota,Gregory,NA
Arkansas,Van Buren,NA
California,San Mateo,2020-03-19
Georgia,Emanuel,2020-04-03
Georgia,Hart,2020-04-03
Illinois,Piatt,2020-03-21
Indiana,Orange,2020-03-24
Kentucky,Morgan,2020-03-26
Missouri,Moniteau,2020-04-06
New Mexico,Lincoln,2020-03-24
New Mexico,San Juan,2020-03-24
Ohio,Gallia,2020-03-23
Oregon,Coos,2020-03-23
Pennsylvania,Mercer,2020-04-01
Tennessee,Union,2020-03-31
California,Lake,2020-03-19
Florida,Jefferson,2020-04-03
Georgia,Union,2020-04-03
Indiana,Tipton,2020-03-24
Kansas,Stanton,2020-03-30
Louisiana,Pointe Coupee,2020-03-23
Minnesota,Steele,2020-03-27
Montana,Glacier,2020-03-28
New York,Rockland,2020-03-22
North Carolina,Hoke,2020-03-30
North Dakota,McHenry,NA
Ohio,Seneca,2020-03-23
Oklahoma,Johnston,NA
Oklahoma,Osage,NA
South Carolina,Sumter,NA
Tennessee,Gibson,2020-03-31
Texas,San Saba,2020-04-02
Alabama,Lawrence,2020-04-04
Arkansas,Sharp,NA
Georgia,Gordon,2020-04-03
Kansas,Franklin,2020-03-30
Michigan,Shiawassee,2020-03-24
Mississippi,Jefferson,2020-04-03
Mississippi,Tishomingo,2020-04-03
Nebraska,Red Willow,NA
Ohio,Licking,2020-03-23
South Carolina,Beaufort,NA
Texas,Bexar,2020-04-02
Texas,Navarro,2020-04-02
Texas,Trinity,2020-04-02
Wisconsin,Marathon,2020-03-25
Wyoming,Sublette,NA
Idaho,Benewah,2020-03-25
Illinois,Scott,2020-03-21
Arkansas,Dallas,NA
California,Nevada,2020-03-19
Florida,Calhoun,2020-04-03
Georgia,Cherokee,2020-04-03
Georgia,Dade,2020-04-03
Georgia,Decatur,2020-04-03
Michigan,Leelanau,2020-03-24
Mississippi,Choctaw,2020-04-03
New York,Orange,2020-03-22
Texas,Medina,2020-04-02
Texas,Willacy,2020-04-02
Utah,Morgan,NA
Washington,Cowlitz,2020-03-23
North Dakota,Traill,NA
Puerto Rico,Aibonito,NA
North Dakota,LaMoure,NA
Nevada,Eureka,2020-04-01
Florida,Martin,2020-04-03
Idaho,Owyhee,2020-03-25
Illinois,Iroquois,2020-03-21
Louisiana,East Feliciana,2020-03-23
Maine,Somerset,2020-04-02
Missouri,Taney,2020-04-06
North Carolina,Moore,2020-03-30
North Carolina,Nash,2020-03-30
North Dakota,McLean,NA
Pennsylvania,Juniata,2020-04-01
Tennessee,DeKalb,2020-03-31
Texas,Llano,2020-04-02
Texas,Marion,2020-04-02
Washington,Spokane,2020-03-23
Nebraska,Keya Paha,NA
Alabama,Pickens,2020-04-04
Colorado,Weld,2020-03-26
Kentucky,Anderson,2020-03-26
Kentucky,Clark,2020-03-26
North Carolina,Mecklenburg,2020-03-30
North Carolina,Orange,2020-03-30
Ohio,Ashtabula,2020-03-23
Ohio,Sandusky,2020-03-23
South Carolina,Horry,NA
Iowa,Lucas,NA
Iowa,Ringgold,NA
Kansas,Allen,2020-03-30
Arizona,La Paz,2020-03-31
California,Mono,2020-03-19
Colorado,Lake,2020-03-26
Georgia,Hall,2020-04-03
Iowa,Buena Vista,NA
Kentucky,Clinton,2020-03-26
Louisiana,Rapides,2020-03-23
Minnesota,Dakota,2020-03-27
Minnesota,Olmsted,2020-03-27
New Hampshire,Hillsborough,2020-03-27
Oklahoma,Grady,NA
South Carolina,Newberry,NA
Tennessee,Macon,2020-03-31
Texas,Galveston,2020-04-02
Texas,Orange,2020-04-02
Texas,Robertson,2020-04-02
Utah,Salt Lake,NA
Vermont,Essex,2020-03-24
Washington,Whitman,2020-03-23
Colorado,Cheyenne,2020-03-26
Kansas,Ellsworth,2020-03-30
North Dakota,Ransom,NA
Kansas,Washington,2020-03-30
Missouri,Joplin,2020-04-06
Illinois,McDonough,2020-03-21
Indiana,Warren,2020-03-24
Maryland,Dorchester,2020-03-30
Missouri,Barry,2020-04-06
Nebraska,York,NA
New York,Columbia,2020-03-22
North Carolina,Jackson,2020-03-30
Oregon,Josephine,2020-03-23
Pennsylvania,Butler,2020-04-01
Texas,Liberty,2020-04-02
Texas,Matagorda,2020-04-02
Colorado,Baca,2020-03-26
Georgia,Towns,2020-04-03
Iowa,Clayton,NA
Mississippi,Union,2020-04-03
Mississippi,Webster,2020-04-03
New York,Allegany,2020-03-22
New York,Sullivan,2020-03-22
Oklahoma,Noble,NA
Pennsylvania,Lawrence,2020-04-01
Tennessee,Roane,2020-03-31
Vermont,Chittenden,2020-03-24
Virginia,Shenandoah,2020-03-30
West Virginia,Tucker,2020-03-24
Puerto Rico,Manati,NA
Florida,Santa Rosa,2020-04-03
Indiana,Blackford,2020-03-24
Iowa,Monona,NA
Maryland,Kent,2020-03-30
Michigan,Muskegon,2020-03-24
New Mexico,Santa Fe,2020-03-24
New York,Rensselaer,2020-03-22
Pennsylvania,Beaver,2020-04-01
Washington,Lewis,2020-03-23
Wisconsin,Calumet,2020-03-25
Iowa,Cherokee,NA
Alaska,Dillingham Census Area,2020-03-28
Nebraska,Logan,NA
Alabama,Marengo,2020-04-04
Alabama,Montgomery,2020-04-04
Arkansas,Madison,NA
Colorado,Huerfano,2020-03-26
Georgia,Camden,2020-04-03
Georgia,Grady,2020-04-03
Georgia,Houston,2020-04-03
Georgia,Washington,2020-04-03
Iowa,Dubuque,NA
Kentucky,Madison,2020-03-26
Minnesota,Todd,2020-03-27
Nevada,Elko,2020-04-01
New Mexico,Doa Ana,2020-03-24
Oklahoma,Okfuskee,NA
Oregon,Umatilla,2020-03-23
South Dakota,Oglala Lakota,NA
Texas,Pecos,2020-04-02
Kansas,Comanche,2020-03-30
Missouri,Hickory,2020-04-06
Florida,Glades,2020-04-03
Georgia,McIntosh,2020-04-03
Idaho,Bannock,2020-03-25
Indiana,Lake,2020-03-24
Kansas,Atchison,2020-03-30
Kansas,Pottawatomie,2020-03-30
Michigan,Arenac,2020-03-24
Minnesota,Benton,2020-03-27
Mississippi,Noxubee,2020-04-03
New Hampshire,Merrimack,2020-03-27
New York,Cayuga,2020-03-22
North Carolina,Richmond,2020-03-30
Texas,Angelina,2020-04-02
Texas,Gregg,2020-04-02
Virginia,Frederick,2020-03-30
Wisconsin,Kewaunee,2020-03-25
Puerto Rico,Lajas,NA
North Dakota,Dickey,NA
Texas,Hudspeth,2020-04-02
South Dakota,Haakon,NA
New Mexico,Mora,2020-03-24
Montana,Petroleum,2020-03-28
Arkansas,Searcy,NA
Georgia,Appling,2020-04-03
Kentucky,Monroe,2020-03-26
Kentucky,Trimble,2020-03-26
Louisiana,Tangipahoa,2020-03-23
Maine,Knox,2020-04-02
Michigan,Berrien,2020-03-24
Ohio,Paulding,2020-03-23
West Virginia,Hancock,2020-03-24
Missouri,Lawrence,2020-04-06
Colorado,Sedgwick,2020-03-26
Alaska,Fairbanks North Star Borough,2020-03-28
Arkansas,Independence,NA
Arkansas,Ouachita,NA
Florida,Suwannee,2020-04-03
Indiana,Greene,2020-03-24
Massachusetts,Dukes,2020-03-24
Minnesota,Watonwan,2020-03-27
Mississippi,Tunica,2020-04-03
Oregon,Curry,2020-03-23
Pennsylvania,Bradford,2020-04-01
South Dakota,Bon Homme,NA
Texas,Donley,2020-04-02
Wyoming,Lincoln,NA
Alaska,Northwest Arctic Borough,2020-03-28
South Dakota,Kingsbury,NA
Texas,Foard,2020-04-02
Alaska,Yukon-Koyukuk Census Area,2020-03-28
California,Napa,2020-03-19
California,Santa Barbara,2020-03-19
Georgia,Baldwin,2020-04-03
Georgia,Bleckley,2020-04-03
Idaho,Ada,2020-03-25
Iowa,Shelby,NA
Kentucky,Nelson,2020-03-26
Maine,Franklin,2020-04-02
Missouri,Jefferson,2020-04-06
Montana,Carbon,2020-03-28
North Carolina,Montgomery,2020-03-30
North Dakota,Burke,NA
Pennsylvania,Somerset,2020-04-01
Tennessee,Lewis,2020-03-31
Wisconsin,Winnebago,2020-03-25
Wyoming,Fremont,NA
Missouri,Schuyler,2020-04-06
Florida,Hernando,2020-04-03
Michigan,Roscommon,2020-03-24
Minnesota,Chippewa,2020-03-27
Nebraska,Cherry,NA
New York,Onondaga,2020-03-22
Oklahoma,Canadian,NA
Tennessee,Crockett,2020-03-31
Tennessee,Dickson,2020-03-31
Texas,Grayson,2020-04-02
Texas,Jones,2020-04-02
Texas,Winkler,2020-04-02
Washington,Asotin,2020-03-23
Puerto Rico,Ciales,NA
Texas,Upton,2020-04-02
Alabama,Cherokee,2020-04-04
California,Del Norte,2020-03-19
Idaho,Idaho,2020-03-25
Illinois,Alexander,2020-03-21
Indiana,Posey,2020-03-24
Indiana,Vigo,2020-03-24
Iowa,Story,NA
Minnesota,Nicollet,2020-03-27
Minnesota,Wabasha,2020-03-27
Tennessee,Anderson,2020-03-31
North Carolina,Graham,2020-03-30
Puerto Rico,Yauco,NA
Colorado,Moffat,2020-03-26
Georgia,Cobb,2020-04-03
Georgia,Columbia,2020-04-03
Indiana,Pulaski,2020-03-24
Indiana,Putnam,2020-03-24
Kentucky,Carroll,2020-03-26
Maine,Washington,2020-04-02
Maryland,Montgomery,2020-03-30
North Carolina,Anson,2020-03-30
Oklahoma,Haskell,NA
Oklahoma,Okmulgee,NA
South Carolina,Spartanburg,NA
West Virginia,Berkeley,2020-03-24
Wisconsin,Washburn,2020-03-25
Kentucky,Magoffin,2020-03-26
North Carolina,Hyde,2020-03-30
Nebraska,Sheridan,NA
Alaska,Southeast Fairbanks Census Area,2020-03-28
Colorado,Saguache,2020-03-26
Georgia,Early,2020-04-03
Idaho,Latah,2020-03-25
Indiana,Owen,2020-03-24
Kansas,Cloud,2020-03-30
Michigan,Allegan,2020-03-24
Mississippi,Pearl River,2020-04-03
Missouri,Linn,2020-04-06
New Jersey,Somerset,2020-03-21
North Carolina,Yadkin,2020-03-30
Ohio,Allen,2020-03-23
Ohio,Knox,2020-03-23
Texas,Jim Wells,2020-04-02
Texas,Sherman,2020-04-02
Texas,Upshur,2020-04-02
Wyoming,Niobrara,NA
Virginia,Patrick,2020-03-30
Kansas,Hodgeman,2020-03-30
South Dakota,Jones,NA
Illinois,St. Clair,2020-03-21
Kansas,Wabaunsee,2020-03-30
Mississippi,Bolivar,2020-04-03
Mississippi,Coahoma,2020-04-03
Missouri,Scotland,2020-04-06
Nebraska,Cheyenne,NA
Nevada,Mineral,2020-04-01
New Hampshire,Cheshire,2020-03-27
New York,Westchester,2020-03-22
North Carolina,Franklin,2020-03-30
North Dakota,Ward,NA
Ohio,Preble,2020-03-23
Pennsylvania,Lehigh,2020-04-01
Virginia,Alleghany,2020-03-30
Wisconsin,Marinette,2020-03-25
Wisconsin,Waushara,2020-03-25
Wyoming,Converse,NA
Montana,Chouteau,2020-03-28
Arkansas,Desha,NA
Florida,Columbia,2020-04-03
Louisiana,Morehouse,2020-03-23
Michigan,Cheboygan,2020-03-24
Michigan,Tuscola,2020-03-24
Mississippi,Franklin,2020-04-03
Nebraska,Clay,NA
New Hampshire,Belknap,2020-03-27
Ohio,Highland,2020-03-23
Tennessee,Grundy,2020-03-31
Tennessee,Madison,2020-03-31
Texas,La Salle,2020-04-02
Indiana,Starke,2020-03-24
Kentucky,Ballard,2020-03-26
Kentucky,Graves,2020-03-26
Mississippi,Amite,2020-04-03
New York,Madison,2020-03-22
Ohio,Morrow,2020-03-23
South Carolina,Allendale,NA
Virginia,Galax city,2020-03-30
Virginia,Smyth,2020-03-30
South Dakota,Buffalo,NA
Oklahoma,Ellis,NA
California,Tulare,2020-03-19
Florida,Franklin,2020-04-03
Georgia,Webster,2020-04-03
Illinois,Coles,2020-03-21
Kansas,Scott,2020-03-30
Kentucky,Perry,2020-03-26
Louisiana,LaSalle,2020-03-23
Michigan,Gratiot,2020-03-24
Missouri,Jackson,2020-04-06
Nebraska,Phelps,NA
Ohio,Hocking,2020-03-23
Oklahoma,Cotton,NA
Oklahoma,Logan,NA
Texas,Zavala,2020-04-02
Virginia,Henrico,2020-03-30
Alabama,Shelby,2020-04-04
California,Kern,2020-03-19
Kentucky,Breathitt,2020-03-26
Kentucky,Logan,2020-03-26
Michigan,Oscoda,2020-03-24
Missouri,Adair,2020-04-06
Montana,Lewis and Clark,2020-03-28
Nebraska,Washington,NA
New York,Monroe,2020-03-22
North Carolina,Cherokee,2020-03-30
South Carolina,Barnwell,NA
South Dakota,Minnehaha,NA
Wisconsin,Monroe,2020-03-25
Wyoming,Big Horn,NA
Kansas,Brown,2020-03-30
Missouri,Mississippi,2020-04-06
Puerto Rico,Coamo,NA
Nebraska,Sioux,NA
Texas,Crockett,2020-04-02
Texas,Sterling,2020-04-02
California,Siskiyou,2020-03-19
Florida,Pasco,2020-04-03
Kentucky,Todd,2020-03-26
Louisiana,Evangeline,2020-03-23
Michigan,Calhoun,2020-03-24
Minnesota,Sibley,2020-03-27
Missouri,Johnson,2020-04-06
New Jersey,Union,2020-03-21
New York,St. Lawrence,2020-03-22
Tennessee,Shelby,2020-03-31
Texas,Yoakum,2020-04-02
Utah,Juab,NA
Vermont,Washington,2020-03-24
Virginia,Appomattox,2020-03-30
North Dakota,Bottineau,NA
Texas,Kent,2020-04-02
Florida,Escambia,2020-04-03
Kentucky,Montgomery,2020-03-26
Missouri,Harrison,2020-04-06
New Hampshire,Strafford,2020-03-27
New York,Suffolk,2020-03-22
North Carolina,Brunswick,2020-03-30
North Dakota,McKenzie,NA
Texas,Cherokee,2020-04-02
Texas,Parker,2020-04-02
Virginia,Prince William,2020-03-30
Virginia,Warren,2020-03-30
West Virginia,Roane,2020-03-24
Montana,Sheridan,2020-03-28
Alaska,Ketchikan Gateway Borough,2020-03-28
Georgia,Jasper,2020-04-03
Iowa,Butler,NA
Kansas,Mitchell,2020-03-30
Kentucky,Caldwell,2020-03-26
Louisiana,St. James,2020-03-23
Michigan,Chippewa,2020-03-24
Michigan,Clare,2020-03-24
Minnesota,Mower,2020-03-27
Minnesota,Polk,2020-03-27
Minnesota,Swift,2020-03-27
New Jersey,Passaic,2020-03-21
North Dakota,Sargent,NA
Ohio,Athens,2020-03-23
Pennsylvania,Lackawanna,2020-04-01
Tennessee,Campbell,2020-03-31
Virginia,Southampton,2020-03-30
Wisconsin,Rusk,2020-03-25
Oregon,Baker,2020-03-23
South Dakota,Dewey,NA
Georgia,Cook,2020-04-03
Georgia,Heard,2020-04-03
Illinois,Champaign,2020-03-21
Illinois,Clark,2020-03-21
Illinois,Hancock,2020-03-21
Indiana,LaGrange,2020-03-24
Minnesota,Lincoln,2020-03-27
Minnesota,Traverse,2020-03-27
Mississippi,Tippah,2020-04-03
New Jersey,Cape May,2020-03-21
South Dakota,Davison,NA
Kentucky,Metcalfe,2020-03-26
Alabama,Wilcox,2020-04-04
Georgia,Jenkins,2020-04-03
Idaho,Canyon,2020-03-25
Illinois,De Witt,2020-03-21
Illinois,Warren,2020-03-21
Kansas,Barber,2020-03-30
Kentucky,Calloway,2020-03-26
Kentucky,Crittenden,2020-03-26
Mississippi,Pontotoc,2020-04-03
Nebraska,Saunders,NA
North Carolina,Randolph,2020-03-30
Oklahoma,Alfalfa,NA
South Carolina,Williamsburg,NA
Tennessee,Loudon,2020-03-31
Tennessee,Perry,2020-03-31
Texas,Andrews,2020-04-02
Texas,Callahan,2020-04-02
Texas,Clay,2020-04-02
Texas,Collin,2020-04-02
Texas,Wise,2020-04-02
Virginia,Manassas Park city,2020-03-30
Virginia,Westmoreland,2020-03-30
Iowa,Sac,NA
Puerto Rico,Guanica,NA
Kansas,Rawlins,2020-03-30
Alabama,Mobile,2020-04-04
Alabama,Talladega,2020-04-04
Arkansas,Grant,NA
Colorado,Archuleta,2020-03-26
Colorado,Morgan,2020-03-26
Florida,Palm Beach,2020-04-03
Idaho,Caribou,2020-03-25
Illinois,Marshall,2020-03-21
Indiana,St. Joseph,2020-03-24
Kentucky,Ohio,2020-03-26
Massachusetts,Nantucket,2020-03-24
Michigan,Mecosta,2020-03-24
Missouri,Butler,2020-04-06
North Dakota,Bowman,NA
Ohio,Henry,2020-03-23
Pennsylvania,Blair,2020-04-01
Texas,Val Verde,2020-04-02
Virginia,Clarke,2020-03-30
West Virginia,Braxton,2020-03-24
Oklahoma,Cimarron,NA
Alaska,Aleutians West Census Area,2020-03-28
South Dakota,Mellette,NA
Arkansas,Yell,NA
California,Solano,2020-03-19
Florida,Brevard,2020-04-03
Illinois,Massac,2020-03-21
Kentucky,Rowan,2020-03-26
Louisiana,West Feliciana,2020-03-23
Missouri,Polk,2020-04-06
Nevada,Douglas,2020-04-01
North Carolina,Gaston,2020-03-30
Ohio,Warren,2020-03-23
South Dakota,Hughes,NA
Tennessee,Putnam,2020-03-31
Virginia,Craig,2020-03-30
Wisconsin,Manitowoc,2020-03-25
Puerto Rico,Florida,NA
Puerto Rico,Utuado,NA
North Dakota,Steele,NA
Kansas,Decatur,2020-03-30
Virginia,Bath,2020-03-30
Arkansas,White,NA
Illinois,Perry,2020-03-21
Kansas,Miami,2020-03-30
Michigan,Monroe,2020-03-24
Montana,Gallatin,2020-03-28
North Carolina,Caldwell,2020-03-30
North Carolina,Wilson,2020-03-30
Virginia,Middlesex,2020-03-30
Washington,Skamania,2020-03-23
North Dakota,Renville,NA
California,Modoc,2020-03-19
Arkansas,Poinsett,NA
Georgia,Montgomery,2020-04-03
Georgia,Putnam,2020-04-03
Illinois,Bond,2020-03-21
Illinois,Williamson,2020-03-21
Kansas,Ellis,2020-03-30
Michigan,Livingston,2020-03-24
Montana,Lake,2020-03-28
Nebraska,Butler,NA
Ohio,Richland,2020-03-23
Oregon,Douglas,2020-03-23
Vermont,Grand Isle,2020-03-24
Vermont,Windham,2020-03-24
Wisconsin,Door,2020-03-25
Oklahoma,Blaine,NA
Puerto Rico,Moca,NA
Texas,King,2020-04-02
Florida,Lake,2020-04-03
Florida,Osceola,2020-04-03
Idaho,Fremont,2020-03-25
Illinois,Logan,2020-03-21
Illinois,Wayne,2020-03-21
Indiana,Scott,2020-03-24
Iowa,Black Hawk,NA
Maryland,Charles,2020-03-30
Minnesota,Goodhue,2020-03-27
Minnesota,Jackson,2020-03-27
Missouri,Boone,2020-04-06
South Dakota,Meade,NA
Texas,Jasper,2020-04-02
Texas,Montgomery,2020-04-02
Texas,Van Zandt,2020-04-02
Wisconsin,Waukesha,2020-03-25
Idaho,Clearwater,2020-03-25
Alabama,Etowah,2020-04-04
California,Alpine,2020-03-19
Georgia,Thomas,2020-04-03
Illinois,Jo Daviess,2020-03-21
Illinois,Johnson,2020-03-21
Ohio,Cuyahoga,2020-03-23
South Carolina,Dillon,NA
Utah,Cache,NA
Virginia,Loudoun,2020-03-30
Iowa,Fremont,NA
Nebraska,Richardson,NA
Puerto Rico,Loiza,NA
West Virginia,Ritchie,2020-03-24
Illinois,Randolph,2020-03-21
Indiana,Fulton,2020-03-24
Iowa,Grundy,NA
Iowa,Warren,NA
Kentucky,Hardin,2020-03-26
Louisiana,Bienville,2020-03-23
Mississippi,Hancock,2020-04-03
Nebraska,Custer,NA
Ohio,Williams,2020-03-23
Oregon,Multnomah,2020-03-23
South Dakota,Spink,NA
Tennessee,Jackson,2020-03-31
Tennessee,Wilson,2020-03-31
Virginia,Alexandria city,2020-03-30
Wisconsin,Rock,2020-03-25
Wisconsin,Vilas,2020-03-25
Alabama,Fayette,2020-04-04
Alabama,Sumter,2020-04-04
Arizona,Yavapai,2020-03-31
California,Alameda,2020-03-19
California,Plumas,2020-03-19
Florida,Levy,2020-04-03
Georgia,DeKalb,2020-04-03
Illinois,Knox,2020-03-21
Illinois,Union,2020-03-21
Indiana,Marion,2020-03-24
Kentucky,Bracken,2020-03-26
Mississippi,Leake,2020-04-03
Missouri,Bates,2020-04-06
Missouri,Ray,2020-04-06
North Carolina,Craven,2020-03-30
North Carolina,Henderson,2020-03-30
South Carolina,Edgefield,NA
Tennessee,Coffee,2020-03-31
Wisconsin,Lafayette,2020-03-25
North Carolina,Madison,2020-03-30
Puerto Rico,San Sebastian,NA
Alabama,Cleburne,2020-04-04
Alaska,Matanuska-Susitna Borough,2020-03-28
Georgia,Floyd,2020-04-03
Illinois,Menard,2020-03-21
Iowa,O'Brien,NA
Minnesota,McLeod,2020-03-27
Missouri,Cole,2020-04-06
Texas,McCulloch,2020-04-02
Texas,Titus,2020-04-02
Texas,Wilbarger,2020-04-02
Wisconsin,Menominee,2020-03-25
Nebraska,Cedar,NA
Puerto Rico,Cayey,NA
Alabama,Franklin,2020-04-04
Florida,Leon,2020-04-03
Indiana,Decatur,2020-03-24
Iowa,Plymouth,NA
Louisiana,Avoyelles,2020-03-23
Michigan,Washtenaw,2020-03-24
Mississippi,Walthall,2020-04-03
Texas,Hopkins,2020-04-02
Texas,Wood,2020-04-02
Utah,Box Elder,NA
Virginia,Fairfax city,2020-03-30
Virginia,Lynchburg city,2020-03-30
Virginia,Spotsylvania,2020-03-30
Alabama,Winston,2020-04-04
Arkansas,Marion,NA
Florida,Lee,2020-04-03
Georgia,Henry,2020-04-03
Georgia,Jefferson,2020-04-03
Illinois,Rock Island,2020-03-21
Kentucky,Christian,2020-03-26
Louisiana,Ascension,2020-03-23
Maryland,St. Mary's,2020-03-30
Michigan,Ogemaw,2020-03-24
Michigan,Wayne,2020-03-24
Mississippi,Greene,2020-04-03
Mississippi,Tallahatchie,2020-04-03
North Carolina,Columbus,2020-03-30
North Carolina,Mitchell,2020-03-30
Ohio,Jackson,2020-03-23
Virginia,Franklin,2020-03-30
Wisconsin,Sauk,2020-03-25
Puerto Rico,Penuelas,NA
Idaho,Butte,2020-03-25
Florida,Nassau,2020-04-03
Illinois,Whiteside,2020-03-21
Iowa,Carroll,NA
Kansas,Haskell,2020-03-30
Kentucky,Martin,2020-03-26
Missouri,Oregon,2020-04-06
Oregon,Polk,2020-03-23
Texas,Palo Pinto,2020-04-02
Washington,Yakima,2020-03-23
West Virginia,Mason,2020-03-24
Puerto Rico,Cidra,NA
Kansas,Greeley,2020-03-30
Michigan,Presque Isle,2020-03-24
New York,Clinton,2020-03-22
North Dakota,Burleigh,NA
North Dakota,Richland,NA
Ohio,Summit,2020-03-23
Tennessee,Houston,2020-03-31
Texas,Lee,2020-04-02
Texas,Smith,2020-04-02
Virginia,James City,2020-03-30
Virginia,Williamsburg city,2020-03-30
Wisconsin,Pierce,2020-03-25
Arkansas,Conway,NA
Illinois,Greene,2020-03-21
Kansas,Sedgwick,2020-03-30
Kentucky,Trigg,2020-03-26
Louisiana,Caldwell,2020-03-23
Maine,Aroostook,2020-04-02
Missouri,Audrain,2020-04-06
Missouri,Dunklin,2020-04-06
Missouri,Stoddard,2020-04-06
Nebraska,Burt,NA
New York,Broome,2020-03-22
Pennsylvania,Montgomery,2020-04-01
Tennessee,Morgan,2020-03-31
Texas,McLennan,2020-04-02
Virginia,Prince George,2020-03-30
Montana,Dawson,2020-03-28
Florida,Putnam,2020-04-03
Georgia,Fulton,2020-04-03
Idaho,Gem,2020-03-25
Illinois,Richland,2020-03-21
Iowa,Boone,NA
Kentucky,Spencer,2020-03-26
Minnesota,Isanti,2020-03-27
Montana,Yellowstone,2020-03-28
Oregon,Klamath,2020-03-23
Tennessee,Lauderdale,2020-03-31
Utah,Summit,NA
Virginia,Richmond city,2020-03-30
Missouri,Carroll,2020-04-06
Virginia,Norton city,2020-03-30
Nebraska,Boyd,NA
Utah,Wayne,NA
California,Calaveras,2020-03-19
Georgia,Morgan,2020-04-03
Kansas,Ford,2020-03-30
Kentucky,Breckinridge,2020-03-26
Louisiana,Lafourche,2020-03-23
Montana,Silver Bow,2020-03-28
Nebraska,Hamilton,NA
Ohio,Shelby,2020-03-23
Texas,Castro,2020-04-02
Texas,Deaf Smith,2020-04-02
Washington,Pacific,2020-03-23
Nevada,Storey,2020-04-01
Oklahoma,Coal,NA
Kansas,Elk,2020-03-30
California,Contra Costa,2020-03-19
Colorado,Costilla,2020-03-26
Georgia,Clinch,2020-04-03
Georgia,Elbert,2020-04-03
Iowa,Cedar,NA
Louisiana,Catahoula,2020-03-23
Ohio,Montgomery,2020-03-23
Tennessee,Jefferson,2020-03-31
Texas,Limestone,2020-04-02
Texas,Moore,2020-04-02
Virginia,Campbell,2020-03-30
Washington,Stevens,2020-03-23
Puerto Rico,Juncos,NA
North Dakota,Logan,NA
Georgia,Schley,2020-04-03
Georgia,Tattnall,2020-04-03
Kentucky,Webster,2020-03-26
Michigan,Schoolcraft,2020-03-24
Minnesota,Mahnomen,2020-03-27
New Jersey,Camden,2020-03-21
New York,Cortland,2020-03-22
Ohio,Wyandot,2020-03-23
Oregon,Columbia,2020-03-23
Pennsylvania,Centre,2020-04-01
Pennsylvania,Dauphin,2020-04-01
Pennsylvania,Potter,2020-04-01
South Carolina,Florence,NA
Texas,Dallam,2020-04-02
Virginia,Mecklenburg,2020-03-30
Kansas,Kiowa,2020-03-30
Nebraska,Wheeler,NA
New Mexico,De Baca,2020-03-24
Arkansas,Benton,NA
California,Colusa,2020-03-19
Illinois,Effingham,2020-03-21
Iowa,Allamakee,NA
Iowa,Clinton,NA
Iowa,Marion,NA
Kansas,Clay,2020-03-30
Louisiana,Madison,2020-03-23
Mississippi,Marion,2020-04-03
New York,Tioga,2020-03-22
North Dakota,Emmons,NA
Pennsylvania,Lancaster,2020-04-01
Vermont,Orange,2020-03-24
Iowa,Palo Alto,NA
Kansas,Cheyenne,2020-03-30
Oklahoma,Hughes,NA
Alabama,Lowndes,2020-04-04
Alabama,Morgan,2020-04-04
Colorado,Rio Blanco,2020-03-26
Georgia,Butts,2020-04-03
Iowa,Clarke,NA
Iowa,Marshall,NA
Maryland,Somerset,2020-03-30
Michigan,Grand Traverse,2020-03-24
North Carolina,Chatham,2020-03-30
Pennsylvania,Jefferson,2020-04-01
Texas,Bosque,2020-04-02
Texas,El Paso,2020-04-02
Virginia,Fauquier,2020-03-30
Virginia,Manassas city,2020-03-30
Missouri,Texas,2020-04-06
Montana,Sanders,2020-03-28
Colorado,Ouray,2020-03-26
Georgia,Crisp,2020-04-03
Idaho,Nez Perce,2020-03-25
Illinois,Jersey,2020-03-21
Kentucky,Franklin,2020-03-26
Kentucky,Hart,2020-03-26
Louisiana,Ouachita,2020-03-23
Missouri,McDonald,2020-04-06
Missouri,Newton,2020-04-06
Ohio,Defiance,2020-03-23
South Dakota,Turner,NA
Virginia,Greensville,2020-03-30
Virginia,Harrisonburg city,2020-03-30
West Virginia,Jefferson,2020-03-24
Wisconsin,Portage,2020-03-25
Georgia,Glascock,2020-04-03
Georgia,Coweta,2020-04-03
Kentucky,Grayson,2020-03-26
Louisiana,Franklin,2020-03-23
Michigan,Otsego,2020-03-24
Minnesota,Clay,2020-03-27
Minnesota,Roseau,2020-03-27
Mississippi,DeSoto,2020-04-03
Mississippi,Jones,2020-04-03
Missouri,Miller,2020-04-06
New York,Schenectady,2020-03-22
Ohio,Tuscarawas,2020-03-23
Pennsylvania,Crawford,2020-04-01
South Dakota,Beadle,NA
Texas,Scurry,2020-04-02
Virginia,Northampton,2020-03-30
Washington,King,2020-03-23
Idaho,Boundary,2020-03-25
West Virginia,Webster,2020-03-24
California,Inyo,2020-03-19
Florida,Bay,2020-04-03
Florida,Polk,2020-04-03
Georgia,Clayton,2020-04-03
Georgia,Echols,2020-04-03
Indiana,Wells,2020-03-24
Kansas,Chautauqua,2020-03-30
Mississippi,Clarke,2020-04-03
Missouri,Howell,2020-04-06
Missouri,Jasper,2020-04-06
Nebraska,Johnson,NA
Oklahoma,Pittsburg,NA
Tennessee,Carroll,2020-03-31
Texas,Dickens,2020-04-02
Texas,Martin,2020-04-02
Virginia,Goochland,2020-03-30
Virginia,Mathews,2020-03-30
Virginia,Norfolk city,2020-03-30
Wyoming,Uinta,NA
Puerto Rico,Isabela,NA
Puerto Rico,Morovis,NA
Alabama,St. Clair,2020-04-04
Arkansas,Carroll,NA
Georgia,Warren,2020-04-03
Idaho,Jefferson,2020-03-25
Illinois,Macoupin,2020-03-21
Indiana,Franklin,2020-03-24
Iowa,Louisa,NA
Kentucky,Leslie,2020-03-26
Kentucky,McCracken,2020-03-26
Louisiana,Livingston,2020-03-23
Michigan,Oceana,2020-03-24
Michigan,Saginaw,2020-03-24
Minnesota,Scott,2020-03-27
Missouri,Pemiscot,2020-04-06
New York,Orleans,2020-03-22
Tennessee,Hardeman,2020-03-31
Vermont,Lamoille,2020-03-24
Puerto Rico,Corozal,NA
Puerto Rico,Jayuya,NA
North Dakota,Billings,NA
Alabama,Monroe,2020-04-04
Colorado,Alamosa,2020-03-26
Florida,Clay,2020-04-03
Indiana,Howard,2020-03-24
Kansas,Riley,2020-03-30
Ohio,Medina,2020-03-23
Tennessee,Hawkins,2020-03-31
Texas,Cass,2020-04-02
Texas,Roberts,2020-04-02
Washington,Benton,2020-03-23
California,Trinity,2020-03-19
Kansas,Gray,2020-03-30
North Dakota,Benson,NA
Texas,Reeves,2020-04-02
Alaska,Prince of Wales-Hyder Census Area,2020-03-28
California,San Joaquin,2020-03-19
Georgia,Harris,2020-04-03
Illinois,Fulton,2020-03-21
Indiana,Daviess,2020-03-24
Iowa,Scott,NA
Kentucky,Lyon,2020-03-26
Louisiana,Lincoln,2020-03-23
Nebraska,Wayne,NA
New Mexico,Catron,2020-03-24
New York,Schoharie,2020-03-22
Ohio,Muskingum,2020-03-23
Oklahoma,Major,NA
South Carolina,Jasper,NA
South Dakota,Charles Mix,NA
South Dakota,Corson,NA
Tennessee,Cumberland,2020-03-31
Tennessee,Wayne,2020-03-31
Texas,Jack,2020-04-02
Texas,Terry,2020-04-02
Utah,Washington,NA
Washington,Lincoln,2020-03-23
Wisconsin,Marquette,2020-03-25
Puerto Rico,Naguabo,NA
Texas,Presidio,2020-04-02
Arizona,Cochise,2020-03-31
Florida,Volusia,2020-04-03
Georgia,Bacon,2020-04-03
Indiana,Adams,2020-03-24
Indiana,Brown,2020-03-24
Kansas,Geary,2020-03-30
Michigan,Kalamazoo,2020-03-24
Minnesota,Murray,2020-03-27
Nevada,Nye,2020-04-01
New Jersey,Middlesex,2020-03-21
North Carolina,Caswell,2020-03-30
Tennessee,Moore,2020-03-31
West Virginia,Logan,2020-03-24
Wisconsin,Iron,2020-03-25
Kansas,Lincoln,2020-03-30
Alaska,Anchorage,2020-03-28
Arkansas,Sebastian,NA
Colorado,El Paso,2020-03-26
Illinois,Stark,2020-03-21
Iowa,Kossuth,NA
Louisiana,Iberville,2020-03-23
Louisiana,Red River,2020-03-23
Michigan,Huron,2020-03-24
Missouri,New Madrid,2020-04-06
New Jersey,Warren,2020-03-21
North Dakota,Mountrail,NA
Oregon,Jackson,2020-03-23
Tennessee,Sumner,2020-03-31
Texas,Montague,2020-04-02
Texas,Starr,2020-04-02
Kentucky,Estill,2020-03-26
Nebraska,Chase,NA
Kansas,Wichita,2020-03-30
Montana,Judith Basin,2020-03-28
Colorado,Elbert,2020-03-26
Georgia,Johnson,2020-04-03
Georgia,Talbot,2020-04-03
Kansas,Kearny,2020-03-30
New Jersey,Salem,2020-03-21
North Carolina,Burke,2020-03-30
North Dakota,Sioux,NA
Rhode Island,Kent,2020-03-28
Utah,Duchesne,NA
Washington,Snohomish,2020-03-23
West Virginia,Kanawha,2020-03-24
Puerto Rico,Las Piedras,NA
Kansas,Trego,2020-03-30
Arkansas,Arkansas,NA
Florida,Sumter,2020-04-03
Georgia,Dodge,2020-04-03
Idaho,Elmore,2020-03-25
Idaho,Madison,2020-03-25
Iowa,Clay,NA
Iowa,Hardin,NA
Iowa,Montgomery,NA
Kentucky,Hancock,2020-03-26
Kentucky,Muhlenberg,2020-03-26
Maryland,Anne Arundel,2020-03-30
Massachusetts,Suffolk,2020-03-24
New Mexico,Guadalupe,2020-03-24
North Carolina,Cabarrus,2020-03-30
Pennsylvania,Wyoming,2020-04-01
Texas,Hill,2020-04-02
Virgin Islands,St. John,NA
Virginia,Montgomery,2020-03-30
Puerto Rico,Guayanilla,NA
Puerto Rico,Ponce,NA
Texas,Brewster,2020-04-02
Florida,Highlands,2020-04-03
Georgia,Pierce,2020-04-03
Indiana,Ohio,2020-03-24
Iowa,Washington,NA
Michigan,Luce,2020-03-24
Montana,Cascade,2020-03-28
Ohio,Noble,2020-03-23
Oklahoma,Greer,NA
South Carolina,Darlington,NA
Kentucky,Carlisle,2020-03-26
Nebraska,Frontier,NA
Idaho,Cassia,2020-03-25
Indiana,Cass,2020-03-24
Iowa,Chickasaw,NA
Kansas,Dickinson,2020-03-30
Kentucky,Mason,2020-03-26
Missouri,Cass,2020-04-06
Oklahoma,Tulsa,NA
South Dakota,McCook,NA
Texas,Comal,2020-04-02
Utah,Kane,NA
West Virginia,Fayette,2020-03-24
Wisconsin,Dunn,2020-03-25
North Dakota,Towner,NA
Alabama,Lauderdale,2020-04-04
Idaho,Adams,2020-03-25
Kentucky,Lincoln,2020-03-26
Minnesota,Washington,2020-03-27
Mississippi,Grenada,2020-04-03
Pennsylvania,Greene,2020-04-01
Vermont,Windsor,2020-03-24
Wisconsin,Richland,2020-03-25
Utah,Piute,NA
Montana,Teton,2020-03-28
Kansas,Russell,2020-03-30
Hawaii,Kauai,2020-03-25
Louisiana,Jefferson Davis,2020-03-23
Maryland,Garrett,2020-03-30
Michigan,Wexford,2020-03-24
Mississippi,Jasper,2020-04-03
Mississippi,Wayne,2020-04-03
North Carolina,Chowan,2020-03-30
Texas,Brazos,2020-04-02
Virginia,King William,2020-03-30
Virginia,Prince Edward,2020-03-30
Washington,Whatcom,2020-03-23
Wisconsin,Oconto,2020-03-25
Virginia,Covington city,2020-03-30
Texas,Irion,2020-04-02
Texas,Kinney,2020-04-02
Arkansas,Randolph,NA
Florida,Collier,2020-04-03
Illinois,Adams,2020-03-21
Kansas,Marion,2020-03-30
Maine,Sagadahoc,2020-04-02
Michigan,Montmorency,2020-03-24
Missouri,Ripley,2020-04-06
Missouri,Ste. Genevieve,2020-04-06
New Mexico,Roosevelt,2020-03-24
North Carolina,Haywood,2020-03-30
Ohio,Jefferson,2020-03-23
Ohio,Perry,2020-03-23
South Dakota,Sully,NA
Washington,Clark,2020-03-23
Wisconsin,Barron,2020-03-25
Illinois,Edwards,2020-03-21
Minnesota,Pennington,2020-03-27
Puerto Rico,Trujillo Alto,NA
Alabama,Geneva,2020-04-04
Arkansas,Franklin,NA
California,Monterey,2020-03-19
Idaho,Jerome,2020-03-25
Iowa,Bremer,NA
Kentucky,Meade,2020-03-26
Minnesota,Koochiching,2020-03-27
Missouri,Buchanan,2020-04-06
New York,Greene,2020-03-22
Ohio,Van Wert,2020-03-23
Wisconsin,Wood,2020-03-25
Colorado,San Juan,2020-03-26
Kansas,Lane,2020-03-30
Florida,Charlotte,2020-04-03
Georgia,Wilkinson,2020-04-03
Illinois,Monroe,2020-03-21
Iowa,Muscatine,NA
Kansas,Neosho,2020-03-30
Michigan,Midland,2020-03-24
North Carolina,New Hanover,2020-03-30
North Carolina,Surry,2020-03-30
North Carolina,Wilkes,2020-03-30
Virginia,Dinwiddie,2020-03-30
West Virginia,Brooke,2020-03-24
West Virginia,Mineral,2020-03-24
Wisconsin,Brown,2020-03-25
California,Lassen,2020-03-19
Illinois,Stephenson,2020-03-21
Indiana,Shelby,2020-03-24
Kansas,Gove,2020-03-30
Kansas,Shawnee,2020-03-30
Minnesota,Renville,2020-03-27
Mississippi,Benton,2020-04-03
New Mexico,Valencia,2020-03-24
New York,Erie,2020-03-22
North Carolina,Polk,2020-03-30
North Dakota,Grant,NA
North Dakota,Rolette,NA
Oklahoma,Mayes,NA
Oregon,Hood River,2020-03-23
Oregon,Wasco,2020-03-23
Tennessee,Greene,2020-03-31
Tennessee,Trousdale,2020-03-31
Puerto Rico,Mayaguez,NA
Virginia,Highland,2020-03-30
South Dakota,Campbell,NA
Nebraska,Deuel,NA
Montana,Prairie,2020-03-28
Alabama,Barbour,2020-04-04
Florida,Washington,2020-04-03
Georgia,Walker,2020-04-03
Indiana,Clark,2020-03-24
Louisiana,Calcasieu,2020-03-23
Minnesota,Aitkin,2020-03-27
Mississippi,Scott,2020-04-03
North Carolina,Northampton,2020-03-30
North Carolina,Rowan,2020-03-30
South Carolina,Colleton,NA
Tennessee,Stewart,2020-03-31
Texas,Swisher,2020-04-02
Virginia,Buena Vista city,2020-03-30
Alabama,Bibb,2020-04-04
Georgia,Candler,2020-04-03
Georgia,Clay,2020-04-03
Georgia,Lincoln,2020-04-03
Georgia,Mitchell,2020-04-03
Indiana,White,2020-03-24
New Jersey,Essex,2020-03-21
Tennessee,Scott,2020-03-31
Tennessee,Sequatchie,2020-03-31
Texas,Leon,2020-04-02
Texas,Nacogdoches,2020-04-02
Utah,Davis,NA
Virginia,Augusta,2020-03-30
Iowa,Emmet,NA
Puerto Rico,Vieques,NA
Texas,Sutton,2020-04-02
Nebraska,Dundy,NA
Texas,Loving,2020-04-02
Alabama,DeKalb,2020-04-04
Georgia,Baker,2020-04-03
Illinois,Cook,2020-03-21
Kansas,Cowley,2020-03-30
Massachusetts,Middlesex,2020-03-24
Massachusetts,Norfolk,2020-03-24
Missouri,St. Francois,2020-04-06
New Jersey,Hudson,2020-03-21
New Jersey,Sussex,2020-03-21
New York,Wayne,2020-03-22
Virginia,Nottoway,2020-03-30
Virginia,Stafford,2020-03-30
Virginia,Suffolk city,2020-03-30
Wisconsin,Outagamie,2020-03-25
Wyoming,Laramie,NA
Kansas,Grant,2020-03-30
Oregon,Harney,2020-03-23
South Dakota,McPherson,NA
Arkansas,Monroe,NA
Minnesota,Redwood,2020-03-27
Mississippi,Smith,2020-04-03
Montana,Toole,2020-03-28
Nebraska,Gage,NA
New Mexico,Torrance,2020-03-24
Ohio,Portage,2020-03-23
South Carolina,Bamberg,NA
Tennessee,Robertson,2020-03-31
West Virginia,Lincoln,2020-03-24
Illinois,Pope,2020-03-21
Iowa,Decatur,NA
North Dakota,Kidder,NA
Tennessee,Hancock,2020-03-31
Oregon,Gilliam,2020-03-23
Arkansas,Johnson,NA
Colorado,Arapahoe,2020-03-26
Colorado,Douglas,2020-03-26
Indiana,Madison,2020-03-24
Michigan,Delta,2020-03-24
Minnesota,Blue Earth,2020-03-27
Nebraska,Antelope,NA
Nebraska,Stanton,NA
Ohio,Delaware,2020-03-23
Oklahoma,Payne,NA
Oregon,Crook,2020-03-23
Pennsylvania,York,2020-04-01
South Dakota,Hutchinson,NA
Texas,Midland,2020-04-02
Texas,Tom Green,2020-04-02
Utah,Iron,NA
West Virginia,Hampshire,2020-03-24
Kansas,Clark,2020-03-30
Puerto Rico,Adjuntas,NA
Idaho,Lewis,2020-03-25
Alabama,Elmore,2020-04-04
California,Sacramento,2020-03-19
Connecticut,Windham,2020-03-23
Kentucky,Daviess,2020-03-26
Kentucky,Wayne,2020-03-26
Maryland,Talbot,2020-03-30
Massachusetts,Hampshire,2020-03-24
Mississippi,Jefferson Davis,2020-04-03
Ohio,Coshocton,2020-03-23
Texas,Austin,2020-04-02
Texas,Hays,2020-04-02
Virginia,Bedford,2020-03-30
Virginia,Louisa,2020-03-30
Virginia,Winchester city,2020-03-30
Iowa,Ida,NA
Texas,Fisher,2020-04-02
North Dakota,Cavalier,NA
Arizona,Coconino,2020-03-31
Arkansas,Lincoln,NA
California,Butte,2020-03-19
Georgia,Fayette,2020-04-03
Georgia,Liberty,2020-04-03
Georgia,Screven,2020-04-03
Kentucky,Greenup,2020-03-26
Kentucky,Livingston,2020-03-26
Maine,Oxford,2020-04-02
Mississippi,Perry,2020-04-03
Nebraska,Adams,NA
Nebraska,Otoe,NA
North Carolina,Lincoln,2020-03-30
Ohio,Marion,2020-03-23
Tennessee,Franklin,2020-03-31
Texas,Coryell,2020-04-02
Missouri,Dent,2020-04-06
Nebraska,Hitchcock,NA
Puerto Rico,Toa Alta,NA
Missouri,Shannon,2020-04-06
Kansas,Graham,2020-03-30
Georgia,Lanier,2020-04-03
Georgia,Telfair,2020-04-03
Idaho,Washington,2020-03-25
Illinois,Pulaski,2020-03-21
Louisiana,Iberia,2020-03-23
Michigan,Baraga,2020-03-24
Michigan,Menominee,2020-03-24
New Jersey,Morris,2020-03-21
New York,Nassau,2020-03-22
North Dakota,Ramsey,NA
Oklahoma,Dewey,NA
Tennessee,Fentress,2020-03-31
Texas,Karnes,2020-04-02
Texas,San Jacinto,2020-04-02
Texas,Victoria,2020-04-02
Florida,Citrus,2020-04-03
Georgia,Jeff Davis,2020-04-03
Illinois,Kankakee,2020-03-21
Indiana,Hancock,2020-03-24
Missouri,Worth,2020-04-06
North Carolina,Currituck,2020-03-30
Ohio,Hancock,2020-03-23
Pennsylvania,Clearfield,2020-04-01
Tennessee,Fayette,2020-03-31
Texas,Lynn,2020-04-02
Texas,Tarrant,2020-04-02
Utah,Utah,NA
Vermont,Caledonia,2020-03-24
West Virginia,Cabell,2020-03-24
Puerto Rico,Rio Grande,NA
Texas,Edwards,2020-04-02
Florida,Miami-Dade,2020-04-03
Indiana,Steuben,2020-03-24
Kansas,Osborne,2020-03-30
Mississippi,Marshall,2020-04-03
Montana,Lincoln,2020-03-28
Ohio,Miami,2020-03-23
South Carolina,Berkeley,NA
Tennessee,Lincoln,2020-03-31
Texas,Hale,2020-04-02
Texas,Hartley,2020-04-02
Texas,Jackson,2020-04-02
Texas,Zapata,2020-04-02
Virginia,King George,2020-03-30
Virginia,Lexington city,2020-03-30
Virginia,Powhatan,2020-03-30
Wisconsin,Crawford,2020-03-25
Wyoming,Johnson,NA
Kansas,Harper,2020-03-30
Kansas,Thomas,2020-03-30
Illinois,Winnebago,2020-03-21
Iowa,Appanoose,NA
Louisiana,St. Mary,2020-03-23
Maryland,Howard,2020-03-30
Michigan,Alpena,2020-03-24
Missouri,Greene,2020-04-06
Nebraska,Saline,NA
Oklahoma,Beaver,NA
Oklahoma,Le Flore,NA
South Carolina,Greenville,NA
Washington,Jefferson,2020-03-23
South Dakota,Hand,NA
Georgia,Lee,2020-04-03
Iowa,Mahaska,NA
Kentucky,Pike,2020-03-26
Minnesota,Marshall,2020-03-27
Mississippi,Rankin,2020-04-03
New Jersey,Bergen,2020-03-21
Ohio,Wayne,2020-03-23
Tennessee,Polk,2020-03-31
Virginia,Orange,2020-03-30
Wisconsin,Clark,2020-03-25
Idaho,Lemhi,2020-03-25
Texas,Ochiltree,2020-04-02
North Carolina,Avery,2020-03-30
Alabama,Conecuh,2020-04-04
Georgia,Chatham,2020-04-03
Georgia,Randolph,2020-04-03
Indiana,Parke,2020-03-24
Iowa,Delaware,NA
Kentucky,Russell,2020-03-26
Missouri,Maries,2020-04-06
Missouri,Vernon,2020-04-06
Montana,Hill,2020-03-28
Pennsylvania,Mifflin,2020-04-01
Tennessee,Marshall,2020-03-31
Texas,Dawson,2020-04-02
Texas,Wilson,2020-04-02
Virginia,Charlotte,2020-03-30
Puerto Rico,Orocovis,NA
Missouri,Dade,2020-04-06
South Dakota,Potter,NA
California,Yolo,2020-03-19
Georgia,Worth,2020-04-03
Michigan,Cass,2020-03-24
Minnesota,Wilkin,2020-03-27
Rhode Island,Newport,2020-03-28
Texas,Cameron,2020-04-02
Virginia,Buchanan,2020-03-30
Virginia,Poquoson city,2020-03-30
West Virginia,Lewis,2020-03-24
West Virginia,Pleasants,2020-03-24
Montana,Wheatland,2020-03-28
Kentucky,Elliott,2020-03-26
Oklahoma,Harmon,NA
Alabama,Tallapoosa,2020-04-04
Alaska,Kenai Peninsula Borough,2020-03-28
Alaska,Kodiak Island Borough,2020-03-28
Arizona,Apache,2020-03-31
Iowa,Jackson,NA
Louisiana,Jackson,2020-03-23
Missouri,Cooper,2020-04-06
Missouri,Lincoln,2020-04-06
New Mexico,Sandoval,2020-03-24
Oklahoma,Seminole,NA
Texas,Madison,2020-04-02
Texas,Uvalde,2020-04-02
Virginia,Hopewell city,2020-03-30
Iowa,Wayne,NA
Montana,Valley,2020-03-28
Arkansas,Pulaski,NA
Iowa,Mills,NA
Maryland,Queen Anne's,2020-03-30
Maryland,Worcester,2020-03-30
Missouri,Henry,2020-04-06
Oregon,Grant,2020-03-23
Pennsylvania,Tioga,2020-04-01
Tennessee,Washington,2020-03-31
Texas,Goliad,2020-04-02
Washington,Island,2020-03-23
Wyoming,Albany,NA
Montana,Powell,2020-03-28
Georgia,Hancock,2020-04-03
Illinois,Bureau,2020-03-21
Mississippi,Forrest,2020-04-03
North Carolina,Ashe,2020-03-30
North Dakota,Pierce,NA
Oklahoma,Stephens,NA
South Carolina,Lexington,NA
Texas,Houston,2020-04-02
West Virginia,Upshur,2020-03-24
Puerto Rico,Naranjito,NA
Alaska,Haines Borough,2020-03-28
Kansas,Kingman,2020-03-30
Alabama,Washington,2020-04-04
Arizona,Greenlee,2020-03-31
Colorado,Park,2020-03-26
Maryland,Calvert,2020-03-30
Nebraska,Buffalo,NA
North Dakota,Stutsman,NA
Texas,Bee,2020-04-02
Texas,Burnet,2020-04-02
Texas,Gonzales,2020-04-02
Texas,Hockley,2020-04-02
Texas,Rockwall,2020-04-02
Virginia,Henry,2020-03-30
West Virginia,Grant,2020-03-24
Alaska,Sitka City and Borough,2020-03-28
Nebraska,Boone,NA
Puerto Rico,Yabucoa,NA
Texas,Haskell,2020-04-02
West Virginia,Gilmer,2020-03-24
Colorado,Adams,2020-03-26
Florida,Pinellas,2020-04-03
Georgia,Madison,2020-04-03
Illinois,Lee,2020-03-21
Iowa,Audubon,NA
Nebraska,Kearney,NA
Oklahoma,Atoka,NA
Oklahoma,Creek,NA
Oklahoma,Love,NA
Pennsylvania,Huntingdon,2020-04-01
Texas,Lamb,2020-04-02
Texas,Stephens,2020-04-02
Virginia,Isle of Wight,2020-03-30
West Virginia,Wirt,2020-03-24
Wyoming,Campbell,NA
Puerto Rico,Carolina,NA
South Dakota,Day,NA
Wyoming,Platte,NA
Montana,McCone,2020-03-28
Montana,Sweet Grass,2020-03-28
Idaho,Payette,2020-03-25
Michigan,Sanilac,2020-03-24
Ohio,Butler,2020-03-23
Oklahoma,Grant,NA
Utah,Millard,NA
Virginia,Chesapeake city,2020-03-30
Iowa,Pocahontas,NA
Minnesota,Pope,2020-03-27
Puerto Rico,Barceloneta,NA
Nebraska,Arthur,NA
Nebraska,Blaine,NA
Alabama,Coffee,2020-04-04
Alabama,Perry,2020-04-04
Arkansas,Lee,NA
Georgia,Ben Hill,2020-04-03
Georgia,Burke,2020-04-03
Idaho,Minidoka,2020-03-25
Illinois,Cass,2020-03-21
Illinois,Douglas,2020-03-21
Kansas,Doniphan,2020-03-30
Kansas,Stevens,2020-03-30
Mississippi,Stone,2020-04-03
Missouri,Clark,2020-04-06
Missouri,Lewis,2020-04-06
North Carolina,Johnston,2020-03-30
Oklahoma,Tillman,NA
South Carolina,Calhoun,NA
Tennessee,Bedford,2020-03-31
Texas,Harris,2020-04-02
Texas,Walker,2020-04-02
Utah,Wasatch,NA
Virginia,Colonial Heights city,2020-03-30
Wisconsin,Lincoln,2020-03-25
Texas,Stonewall,2020-04-02
South Dakota,Harding,NA
